{"name":"1 - Verify Transaction Fee API call with different types of VISA cards with Paysafe7861 processor","id":"as-a-user;1---verify-transaction-fee-api-call-with-different-types-of-visa-cards-with-paysafe7861-processor","testSteps":[{"number":1,"description":"Example #1: {NICN\u003dVisaTraditionalRewards, Amount\u003d108.00, Region\u003dChargeable state, Processor\u003dPaysafe7861, HttpStatusCode\u003d201, TransactionFee\u003dInterchange:FixedFee:GatewayMarkup:NetworkFee:SurchxPercentage, Fee\u003dSurchxPercentage, Sid\u003dNotNull, Message\u003dok}","duration":7887,"startTime":"2019-02-19T11:33:20.453-07:00[America/Phoenix]","result":"SUCCESS","precondition":false,"level":0,"children":[{"number":2,"description":"When I call Transaction Fee API with the following data\r\n| Merchant | NICN | Amount | Region | Processor |\r\n| Coastline | VisaTraditionalRewards | 108.00 | Chargeable state | Paysafe7861 |","duration":7841,"startTime":"2019-02-19T11:33:20.458-07:00[America/Phoenix]","result":"SUCCESS","precondition":false,"level":1,"children":[{"number":3,"description":"Load transaction fee api request:       | Merchant  | NICN                   | Amount | Region           | Processor   |\n      | Coastline | VisaTraditionalRewards | 108.00 | Chargeable state | Paysafe7861 |\n","duration":66,"startTime":"2019-02-19T11:33:21.014-07:00[America/Phoenix]","result":"SUCCESS","precondition":false,"level":2},{"number":4,"description":"Execute transaction fee api request","duration":7210,"startTime":"2019-02-19T11:33:21.086-07:00[America/Phoenix]","result":"SUCCESS","precondition":false,"level":2}]},{"number":5,"description":"Then Verify the response is as follows\r\n| HttpStatusCode | TransactionFee | Fee | Sid | Message |\r\n| 201 | Interchange:FixedFee:GatewayMarkup:NetworkFee:SurchxPercentage | SurchxPercentage | NotNull | ok |","duration":39,"startTime":"2019-02-19T11:33:28.300-07:00[America/Phoenix]","result":"SUCCESS","precondition":false,"level":1,"children":[{"number":6,"description":"Load expected api response:       | HttpStatusCode | TransactionFee                                                 | Fee              | Sid     | Message |\n      | 201            | Interchange:FixedFee:GatewayMarkup:NetworkFee:SurchxPercentage | SurchxPercentage | NotNull | ok      |\n","duration":4,"startTime":"2019-02-19T11:33:28.302-07:00[America/Phoenix]","result":"SUCCESS","precondition":false,"level":2},{"number":7,"description":"Verify response","duration":32,"startTime":"2019-02-19T11:33:28.307-07:00[America/Phoenix]","result":"SUCCESS","precondition":false,"level":2}]}]},{"number":8,"description":"Example #2: {NICN\u003dVisaNonRewards, Amount\u003d108.00, Region\u003dChargeable state, Processor\u003dPaysafe7861, HttpStatusCode\u003d201, TransactionFee\u003dInterchange:FixedFee:GatewayMarkup:NetworkFee:SurchxPercentage, Fee\u003dSurchxPercentage, Sid\u003dNotNull, Message\u003dok}","duration":5920,"startTime":"2019-02-19T11:33:28.353-07:00[America/Phoenix]","result":"SUCCESS","precondition":false,"level":0,"children":[{"number":9,"description":"When I call Transaction Fee API with the following data\r\n| Merchant | NICN | Amount | Region | Processor |\r\n| Coastline | VisaNonRewards | 108.00 | Chargeable state | Paysafe7861 |","duration":5907,"startTime":"2019-02-19T11:33:28.353-07:00[America/Phoenix]","result":"SUCCESS","precondition":false,"level":1,"children":[{"number":10,"description":"Load transaction fee api request:       | Merchant  | NICN           | Amount | Region           | Processor   |\n      | Coastline | VisaNonRewards | 108.00 | Chargeable state | Paysafe7861 |\n","duration":2,"startTime":"2019-02-19T11:33:28.360-07:00[America/Phoenix]","result":"SUCCESS","precondition":false,"level":2},{"number":11,"description":"Execute transaction fee api request","duration":5895,"startTime":"2019-02-19T11:33:28.364-07:00[America/Phoenix]","result":"SUCCESS","precondition":false,"level":2}]},{"number":12,"description":"Then Verify the response is as follows\r\n| HttpStatusCode | TransactionFee | Fee | Sid | Message |\r\n| 201 | Interchange:FixedFee:GatewayMarkup:NetworkFee:SurchxPercentage | SurchxPercentage | NotNull | ok |","duration":7,"startTime":"2019-02-19T11:33:34.261-07:00[America/Phoenix]","result":"SUCCESS","precondition":false,"level":1,"children":[{"number":13,"description":"Load expected api response:       | HttpStatusCode | TransactionFee                                                 | Fee              | Sid     | Message |\n      | 201            | Interchange:FixedFee:GatewayMarkup:NetworkFee:SurchxPercentage | SurchxPercentage | NotNull | ok      |\n","duration":2,"startTime":"2019-02-19T11:33:34.262-07:00[America/Phoenix]","result":"SUCCESS","precondition":false,"level":2},{"number":14,"description":"Verify response","duration":1,"startTime":"2019-02-19T11:33:34.266-07:00[America/Phoenix]","result":"SUCCESS","precondition":false,"level":2}]}]},{"number":15,"description":"Example #3: {NICN\u003dVisaSignature, Amount\u003d108.00, Region\u003dChargeable state, Processor\u003dPaysafe7861, HttpStatusCode\u003d201, TransactionFee\u003dInterchange:FixedFee:GatewayMarkup:NetworkFee:SurchxPercentage, Fee\u003dSurchxPercentage, Sid\u003dNotNull, Message\u003dok}","duration":4004,"startTime":"2019-02-19T11:33:34.277-07:00[America/Phoenix]","result":"SUCCESS","precondition":false,"level":0,"children":[{"number":16,"description":"When I call Transaction Fee API with the following data\r\n| Merchant | NICN | Amount | Region | Processor |\r\n| Coastline | VisaSignature | 108.00 | Chargeable state | Paysafe7861 |","duration":3997,"startTime":"2019-02-19T11:33:34.277-07:00[America/Phoenix]","result":"SUCCESS","precondition":false,"level":1,"children":[{"number":17,"description":"Load transaction fee api request:       | Merchant  | NICN          | Amount | Region           | Processor   |\n      | Coastline | VisaSignature | 108.00 | Chargeable state | Paysafe7861 |\n","duration":2,"startTime":"2019-02-19T11:33:34.281-07:00[America/Phoenix]","result":"SUCCESS","precondition":false,"level":2},{"number":18,"description":"Execute transaction fee api request","duration":3989,"startTime":"2019-02-19T11:33:34.284-07:00[America/Phoenix]","result":"SUCCESS","precondition":false,"level":2}]},{"number":19,"description":"Then Verify the response is as follows\r\n| HttpStatusCode | TransactionFee | Fee | Sid | Message |\r\n| 201 | Interchange:FixedFee:GatewayMarkup:NetworkFee:SurchxPercentage | SurchxPercentage | NotNull | ok |","duration":6,"startTime":"2019-02-19T11:33:38.275-07:00[America/Phoenix]","result":"SUCCESS","precondition":false,"level":1,"children":[{"number":20,"description":"Load expected api response:       | HttpStatusCode | TransactionFee                                                 | Fee              | Sid     | Message |\n      | 201            | Interchange:FixedFee:GatewayMarkup:NetworkFee:SurchxPercentage | SurchxPercentage | NotNull | ok      |\n","duration":1,"startTime":"2019-02-19T11:33:38.278-07:00[America/Phoenix]","result":"SUCCESS","precondition":false,"level":2},{"number":21,"description":"Verify response","duration":1,"startTime":"2019-02-19T11:33:38.280-07:00[America/Phoenix]","result":"SUCCESS","precondition":false,"level":2}]}]},{"number":22,"description":"Example #4: {NICN\u003dVisaSignaturePreferred, Amount\u003d108.00, Region\u003dChargeable state, Processor\u003dPaysafe7861, HttpStatusCode\u003d201, TransactionFee\u003dInterchange:FixedFee:GatewayMarkup:NetworkFee:SurchxPercentage, Fee\u003dSurchxPercentage, Sid\u003dNotNull, Message\u003dok}","duration":3396,"startTime":"2019-02-19T11:33:38.285-07:00[America/Phoenix]","result":"SUCCESS","precondition":false,"level":0,"children":[{"number":23,"description":"When I call Transaction Fee API with the following data\r\n| Merchant | NICN | Amount | Region | Processor |\r\n| Coastline | VisaSignaturePreferred | 108.00 | Chargeable state | Paysafe7861 |","duration":3386,"startTime":"2019-02-19T11:33:38.286-07:00[America/Phoenix]","result":"SUCCESS","precondition":false,"level":1,"children":[{"number":24,"description":"Load transaction fee api request:       | Merchant  | NICN                   | Amount | Region           | Processor   |\n      | Coastline | VisaSignaturePreferred | 108.00 | Chargeable state | Paysafe7861 |\n","duration":1,"startTime":"2019-02-19T11:33:38.291-07:00[America/Phoenix]","result":"SUCCESS","precondition":false,"level":2},{"number":25,"description":"Execute transaction fee api request","duration":3377,"startTime":"2019-02-19T11:33:38.294-07:00[America/Phoenix]","result":"SUCCESS","precondition":false,"level":2}]},{"number":26,"description":"Then Verify the response is as follows\r\n| HttpStatusCode | TransactionFee | Fee | Sid | Message |\r\n| 201 | Interchange:FixedFee:GatewayMarkup:NetworkFee:SurchxPercentage | SurchxPercentage | NotNull | ok |","duration":9,"startTime":"2019-02-19T11:33:41.672-07:00[America/Phoenix]","result":"SUCCESS","precondition":false,"level":1,"children":[{"number":27,"description":"Load expected api response:       | HttpStatusCode | TransactionFee                                                 | Fee              | Sid     | Message |\n      | 201            | Interchange:FixedFee:GatewayMarkup:NetworkFee:SurchxPercentage | SurchxPercentage | NotNull | ok      |\n","duration":2,"startTime":"2019-02-19T11:33:41.675-07:00[America/Phoenix]","result":"SUCCESS","precondition":false,"level":2},{"number":28,"description":"Verify response","duration":1,"startTime":"2019-02-19T11:33:41.679-07:00[America/Phoenix]","result":"SUCCESS","precondition":false,"level":2}]}]},{"number":29,"description":"Example #5: {NICN\u003dVisaCorporate, Amount\u003d108.00, Region\u003dChargeable state, Processor\u003dPaysafe7861, HttpStatusCode\u003d201, TransactionFee\u003dInterchange:FixedFee:GatewayMarkup:NetworkFee:SurchxPercentage, Fee\u003dSurchxPercentage, Sid\u003dNotNull, Message\u003dok}","duration":3129,"startTime":"2019-02-19T11:33:41.684-07:00[America/Phoenix]","result":"SUCCESS","precondition":false,"level":0,"children":[{"number":30,"description":"When I call Transaction Fee API with the following data\r\n| Merchant | NICN | Amount | Region | Processor |\r\n| Coastline | VisaCorporate | 108.00 | Chargeable state | Paysafe7861 |","duration":3124,"startTime":"2019-02-19T11:33:41.684-07:00[America/Phoenix]","result":"SUCCESS","precondition":false,"level":1,"children":[{"number":31,"description":"Load transaction fee api request:       | Merchant  | NICN          | Amount | Region           | Processor   |\n      | Coastline | VisaCorporate | 108.00 | Chargeable state | Paysafe7861 |\n","duration":2,"startTime":"2019-02-19T11:33:41.688-07:00[America/Phoenix]","result":"SUCCESS","precondition":false,"level":2},{"number":32,"description":"Execute transaction fee api request","duration":3116,"startTime":"2019-02-19T11:33:41.691-07:00[America/Phoenix]","result":"SUCCESS","precondition":false,"level":2}]},{"number":33,"description":"Then Verify the response is as follows\r\n| HttpStatusCode | TransactionFee | Fee | Sid | Message |\r\n| 201 | Interchange:FixedFee:GatewayMarkup:NetworkFee:SurchxPercentage | SurchxPercentage | NotNull | ok |","duration":5,"startTime":"2019-02-19T11:33:44.808-07:00[America/Phoenix]","result":"SUCCESS","precondition":false,"level":1,"children":[{"number":34,"description":"Load expected api response:       | HttpStatusCode | TransactionFee                                                 | Fee              | Sid     | Message |\n      | 201            | Interchange:FixedFee:GatewayMarkup:NetworkFee:SurchxPercentage | SurchxPercentage | NotNull | ok      |\n","duration":1,"startTime":"2019-02-19T11:33:44.810-07:00[America/Phoenix]","result":"SUCCESS","precondition":false,"level":2},{"number":35,"description":"Verify response","duration":1,"startTime":"2019-02-19T11:33:44.812-07:00[America/Phoenix]","result":"SUCCESS","precondition":false,"level":2}]}]},{"number":36,"description":"Example #6: {NICN\u003dVisaTraditionalRewards, Amount\u003d108.00, Region\u003dNon-Chargeable state, Processor\u003dPaysafe7861, HttpStatusCode\u003d201, TransactionFee\u003d0.00, Fee\u003d0.00, Sid\u003dNotNull, Message\u003dok}","duration":2214,"startTime":"2019-02-19T11:33:44.817-07:00[America/Phoenix]","result":"SUCCESS","precondition":false,"level":0,"children":[{"number":37,"description":"When I call Transaction Fee API with the following data\r\n| Merchant | NICN | Amount | Region | Processor |\r\n| Coastline | VisaTraditionalRewards | 108.00 | Non-Chargeable state | Paysafe7861 |","duration":2203,"startTime":"2019-02-19T11:33:44.818-07:00[America/Phoenix]","result":"SUCCESS","precondition":false,"level":1,"children":[{"number":38,"description":"Load transaction fee api request:       | Merchant  | NICN                   | Amount | Region               | Processor   |\n      | Coastline | VisaTraditionalRewards | 108.00 | Non-Chargeable state | Paysafe7861 |\n","duration":1,"startTime":"2019-02-19T11:33:44.824-07:00[America/Phoenix]","result":"SUCCESS","precondition":false,"level":2},{"number":39,"description":"Execute transaction fee api request","duration":2194,"startTime":"2019-02-19T11:33:44.827-07:00[America/Phoenix]","result":"SUCCESS","precondition":false,"level":2}]},{"number":40,"description":"Then Verify the response is as follows\r\n| HttpStatusCode | TransactionFee | Fee | Sid | Message |\r\n| 201 | 0.00 | 0.00 | NotNull | ok |","duration":9,"startTime":"2019-02-19T11:33:47.022-07:00[America/Phoenix]","result":"SUCCESS","precondition":false,"level":1,"children":[{"number":41,"description":"Load expected api response:       | HttpStatusCode | TransactionFee | Fee  | Sid     | Message |\n      | 201            | 0.00           | 0.00 | NotNull | ok      |\n","duration":3,"startTime":"2019-02-19T11:33:47.025-07:00[America/Phoenix]","result":"SUCCESS","precondition":false,"level":2},{"number":42,"description":"Verify response","duration":1,"startTime":"2019-02-19T11:33:47.030-07:00[America/Phoenix]","result":"SUCCESS","precondition":false,"level":2}]}]},{"number":43,"description":"Example #7: {NICN\u003dVisaNonRewards, Amount\u003d108.00, Region\u003dNon-Chargeable state, Processor\u003dPaysafe7861, HttpStatusCode\u003d201, TransactionFee\u003d0.00, Fee\u003d0.00, Sid\u003dNotNull, Message\u003dok}","duration":3706,"startTime":"2019-02-19T11:33:47.038-07:00[America/Phoenix]","result":"SUCCESS","precondition":false,"level":0,"children":[{"number":44,"description":"When I call Transaction Fee API with the following data\r\n| Merchant | NICN | Amount | Region | Processor |\r\n| Coastline | VisaNonRewards | 108.00 | Non-Chargeable state | Paysafe7861 |","duration":3693,"startTime":"2019-02-19T11:33:47.040-07:00[America/Phoenix]","result":"SUCCESS","precondition":false,"level":1,"children":[{"number":45,"description":"Load transaction fee api request:       | Merchant  | NICN           | Amount | Region               | Processor   |\n      | Coastline | VisaNonRewards | 108.00 | Non-Chargeable state | Paysafe7861 |\n","duration":2,"startTime":"2019-02-19T11:33:47.050-07:00[America/Phoenix]","result":"SUCCESS","precondition":false,"level":2},{"number":46,"description":"Execute transaction fee api request","duration":3678,"startTime":"2019-02-19T11:33:47.054-07:00[America/Phoenix]","result":"SUCCESS","precondition":false,"level":2}]},{"number":47,"description":"Then Verify the response is as follows\r\n| HttpStatusCode | TransactionFee | Fee | Sid | Message |\r\n| 201 | 0.00 | 0.00 | NotNull | ok |","duration":10,"startTime":"2019-02-19T11:33:50.733-07:00[America/Phoenix]","result":"SUCCESS","precondition":false,"level":1,"children":[{"number":48,"description":"Load expected api response:       | HttpStatusCode | TransactionFee | Fee  | Sid     | Message |\n      | 201            | 0.00           | 0.00 | NotNull | ok      |\n","duration":3,"startTime":"2019-02-19T11:33:50.736-07:00[America/Phoenix]","result":"SUCCESS","precondition":false,"level":2},{"number":49,"description":"Verify response","duration":1,"startTime":"2019-02-19T11:33:50.741-07:00[America/Phoenix]","result":"SUCCESS","precondition":false,"level":2}]}]},{"number":50,"description":"Example #8: {NICN\u003dVisaSignature, Amount\u003d108.00, Region\u003dNon-Chargeable state, Processor\u003dPaysafe7861, HttpStatusCode\u003d201, TransactionFee\u003d0.00, Fee\u003d0.00, Sid\u003dNotNull, Message\u003dok}","duration":2973,"startTime":"2019-02-19T11:33:50.749-07:00[America/Phoenix]","result":"SUCCESS","precondition":false,"level":0,"children":[{"number":51,"description":"When I call Transaction Fee API with the following data\r\n| Merchant | NICN | Amount | Region | Processor |\r\n| Coastline | VisaSignature | 108.00 | Non-Chargeable state | Paysafe7861 |","duration":2967,"startTime":"2019-02-19T11:33:50.750-07:00[America/Phoenix]","result":"SUCCESS","precondition":false,"level":1,"children":[{"number":52,"description":"Load transaction fee api request:       | Merchant  | NICN          | Amount | Region               | Processor   |\n      | Coastline | VisaSignature | 108.00 | Non-Chargeable state | Paysafe7861 |\n","duration":2,"startTime":"2019-02-19T11:33:50.763-07:00[America/Phoenix]","result":"SUCCESS","precondition":false,"level":2},{"number":53,"description":"Execute transaction fee api request","duration":2948,"startTime":"2019-02-19T11:33:50.768-07:00[America/Phoenix]","result":"SUCCESS","precondition":false,"level":2}]},{"number":54,"description":"Then Verify the response is as follows\r\n| HttpStatusCode | TransactionFee | Fee | Sid | Message |\r\n| 201 | 0.00 | 0.00 | NotNull | ok |","duration":5,"startTime":"2019-02-19T11:33:53.717-07:00[America/Phoenix]","result":"SUCCESS","precondition":false,"level":1,"children":[{"number":55,"description":"Load expected api response:       | HttpStatusCode | TransactionFee | Fee  | Sid     | Message |\n      | 201            | 0.00           | 0.00 | NotNull | ok      |\n","duration":1,"startTime":"2019-02-19T11:33:53.720-07:00[America/Phoenix]","result":"SUCCESS","precondition":false,"level":2},{"number":56,"description":"Verify response","duration":0,"startTime":"2019-02-19T11:33:53.722-07:00[America/Phoenix]","result":"SUCCESS","precondition":false,"level":2}]}]},{"number":57,"description":"Example #9: {NICN\u003dVisaSignaturePreferred, Amount\u003d108.00, Region\u003dNon-Chargeable state, Processor\u003dPaysafe7861, HttpStatusCode\u003d201, TransactionFee\u003d0.00, Fee\u003d0.00, Sid\u003dNotNull, Message\u003dok}","duration":4578,"startTime":"2019-02-19T11:33:53.725-07:00[America/Phoenix]","result":"SUCCESS","precondition":false,"level":0,"children":[{"number":58,"description":"When I call Transaction Fee API with the following data\r\n| Merchant | NICN | Amount | Region | Processor |\r\n| Coastline | VisaSignaturePreferred | 108.00 | Non-Chargeable state | Paysafe7861 |","duration":4570,"startTime":"2019-02-19T11:33:53.725-07:00[America/Phoenix]","result":"SUCCESS","precondition":false,"level":1,"children":[{"number":59,"description":"Load transaction fee api request:       | Merchant  | NICN                   | Amount | Region               | Processor   |\n      | Coastline | VisaSignaturePreferred | 108.00 | Non-Chargeable state | Paysafe7861 |\n","duration":2,"startTime":"2019-02-19T11:33:53.730-07:00[America/Phoenix]","result":"SUCCESS","precondition":false,"level":2},{"number":60,"description":"Execute transaction fee api request","duration":4561,"startTime":"2019-02-19T11:33:53.733-07:00[America/Phoenix]","result":"SUCCESS","precondition":false,"level":2}]},{"number":61,"description":"Then Verify the response is as follows\r\n| HttpStatusCode | TransactionFee | Fee | Sid | Message |\r\n| 201 | 0.00 | 0.00 | NotNull | ok |","duration":7,"startTime":"2019-02-19T11:33:58.295-07:00[America/Phoenix]","result":"SUCCESS","precondition":false,"level":1,"children":[{"number":62,"description":"Load expected api response:       | HttpStatusCode | TransactionFee | Fee  | Sid     | Message |\n      | 201            | 0.00           | 0.00 | NotNull | ok      |\n","duration":2,"startTime":"2019-02-19T11:33:58.297-07:00[America/Phoenix]","result":"SUCCESS","precondition":false,"level":2},{"number":63,"description":"Verify response","duration":1,"startTime":"2019-02-19T11:33:58.301-07:00[America/Phoenix]","result":"SUCCESS","precondition":false,"level":2}]}]},{"number":64,"description":"Example #10: {NICN\u003dVisaCorporate, Amount\u003d108.00, Region\u003dNon-Chargeable state, Processor\u003dPaysafe7861, HttpStatusCode\u003d201, TransactionFee\u003d0.00, Fee\u003d0.00, Sid\u003dNotNull, Message\u003dok}","duration":11136,"startTime":"2019-02-19T11:33:58.308-07:00[America/Phoenix]","result":"SUCCESS","precondition":false,"level":0,"children":[{"number":65,"description":"When I call Transaction Fee API with the following data\r\n| Merchant | NICN | Amount | Region | Processor |\r\n| Coastline | VisaCorporate | 108.00 | Non-Chargeable state | Paysafe7861 |","duration":11129,"startTime":"2019-02-19T11:33:58.309-07:00[America/Phoenix]","result":"SUCCESS","precondition":false,"level":1,"children":[{"number":66,"description":"Load transaction fee api request:       | Merchant  | NICN          | Amount | Region               | Processor   |\n      | Coastline | VisaCorporate | 108.00 | Non-Chargeable state | Paysafe7861 |\n","duration":1,"startTime":"2019-02-19T11:33:58.314-07:00[America/Phoenix]","result":"SUCCESS","precondition":false,"level":2},{"number":67,"description":"Execute transaction fee api request","duration":11121,"startTime":"2019-02-19T11:33:58.316-07:00[America/Phoenix]","result":"SUCCESS","precondition":false,"level":2}]},{"number":68,"description":"Then Verify the response is as follows\r\n| HttpStatusCode | TransactionFee | Fee | Sid | Message |\r\n| 201 | 0.00 | 0.00 | NotNull | ok |","duration":5,"startTime":"2019-02-19T11:34:09.438-07:00[America/Phoenix]","result":"SUCCESS","precondition":false,"level":1,"children":[{"number":69,"description":"Load expected api response:       | HttpStatusCode | TransactionFee | Fee  | Sid     | Message |\n      | 201            | 0.00           | 0.00 | NotNull | ok      |\n","duration":2,"startTime":"2019-02-19T11:34:09.440-07:00[America/Phoenix]","result":"SUCCESS","precondition":false,"level":2},{"number":70,"description":"Verify response","duration":0,"startTime":"2019-02-19T11:34:09.443-07:00[America/Phoenix]","result":"SUCCESS","precondition":false,"level":2}]}]}],"userStory":{"id":"as-a-user","storyName":"As a user","path":"src/test/resources/features/coastlineproducts/interchange_plus_scenarios/interchange_plus_success_scenarios.feature","narrative":"  I want to see a successful call to the TransactionFee API\n  So that I can verify the interchange plus calculations are being calculated in a right way","type":"feature"},"featureTag":{"name":"Interchange plus scenarios/As a user","type":"feature"},"title":"1 - Verify Transaction Fee API call with different types of VISA cards with Paysafe7861 processor","tags":[{"name":"Coastlineproducts","type":"theme"},{"name":"Interchange plus scenarios/As a user","type":"feature"},{"name":"Coastlineproducts/Interchange plus scenarios","type":"capability"}],"startTime":"2019-02-19T11:33:20.239-07:00[America/Phoenix]","duration":49205,"projectKey":"","dataTable":{"headers":["NICN","Amount","Region","Processor","HttpStatusCode","TransactionFee","Fee","Sid","Message"],"rows":[{"values":["VisaTraditionalRewards","108.00","Chargeable state","Paysafe7861","201","Interchange:FixedFee:GatewayMarkup:NetworkFee:SurchxPercentage","SurchxPercentage","NotNull","ok"],"result":"SUCCESS"},{"values":["VisaNonRewards","108.00","Chargeable state","Paysafe7861","201","Interchange:FixedFee:GatewayMarkup:NetworkFee:SurchxPercentage","SurchxPercentage","NotNull","ok"],"result":"SUCCESS"},{"values":["VisaSignature","108.00","Chargeable state","Paysafe7861","201","Interchange:FixedFee:GatewayMarkup:NetworkFee:SurchxPercentage","SurchxPercentage","NotNull","ok"],"result":"SUCCESS"},{"values":["VisaSignaturePreferred","108.00","Chargeable state","Paysafe7861","201","Interchange:FixedFee:GatewayMarkup:NetworkFee:SurchxPercentage","SurchxPercentage","NotNull","ok"],"result":"SUCCESS"},{"values":["VisaCorporate","108.00","Chargeable state","Paysafe7861","201","Interchange:FixedFee:GatewayMarkup:NetworkFee:SurchxPercentage","SurchxPercentage","NotNull","ok"],"result":"SUCCESS"},{"values":["VisaTraditionalRewards","108.00","Non-Chargeable state","Paysafe7861","201","0.00","0.00","NotNull","ok"],"result":"SUCCESS"},{"values":["VisaNonRewards","108.00","Non-Chargeable state","Paysafe7861","201","0.00","0.00","NotNull","ok"],"result":"SUCCESS"},{"values":["VisaSignature","108.00","Non-Chargeable state","Paysafe7861","201","0.00","0.00","NotNull","ok"],"result":"SUCCESS"},{"values":["VisaSignaturePreferred","108.00","Non-Chargeable state","Paysafe7861","201","0.00","0.00","NotNull","ok"],"result":"SUCCESS"},{"values":["VisaCorporate","108.00","Non-Chargeable state","Paysafe7861","201","0.00","0.00","NotNull","ok"],"result":"SUCCESS"}],"predefinedRows":true,"scenarioOutline":"When I call Transaction Fee API with the following data\n\rThen Verify the response is as follows\n\r","dataSetDescriptors":[{"startRow":0,"rowCount":0,"name":""}]},"manual":false,"testSource":"Cucumber","result":"SUCCESS","scenarioOutline":"When I call Transaction Fee API with the following data\r\n|Merchant | NICN | Amount | Region | Processor|\r\n|Coastline | \u003cNICN\u003e | \u003cAmount\u003e | \u003cRegion\u003e | \u003cProcessor\u003e|\r\nThen Verify the response is as follows\r\n|HttpStatusCode | TransactionFee | Fee | Sid | Message|\r\n|\u003cHttpStatusCode\u003e | \u003cTransactionFee\u003e | \u003cFee\u003e | \u003cSid\u003e | \u003cMessage\u003e|"}