{"name":"5 - Verify Transaction Fee API call with different types of MASTERCARD with PAYSAFE9909 processor","id":"as-a-user;5---verify-transaction-fee-api-call-with-different-types-of-mastercard-with-paysafe9909-processor","testSteps":[{"number":1,"description":"Example #1: {NICN\u003dMastercardCoreValue, Amount\u003d108.00, Region\u003dChargeable state, Processor\u003dPaysafe9909, HttpStatusCode\u003d201, TransactionFee\u003dInterchange:FixedFee:GatewayMarkup:NetworkFee:SurchxPercentage, Fee\u003dSurchxPercentage, Sid\u003dNotNull, Message\u003dok}","duration":2946,"startTime":"2019-02-19T11:35:37.047-07:00[America/Phoenix]","result":"SUCCESS","precondition":false,"level":0,"children":[{"number":2,"description":"When I call Transaction Fee API with the following data\r\n| Merchant | NICN | Amount | Region | Processor |\r\n| Coastline | MastercardCoreValue | 108.00 | Chargeable state | Paysafe9909 |","duration":2940,"startTime":"2019-02-19T11:35:37.048-07:00[America/Phoenix]","result":"SUCCESS","precondition":false,"level":1,"children":[{"number":3,"description":"Load transaction fee api request:       | Merchant  | NICN                | Amount | Region           | Processor   |\n      | Coastline | MastercardCoreValue | 108.00 | Chargeable state | Paysafe9909 |\n","duration":0,"startTime":"2019-02-19T11:35:37.052-07:00[America/Phoenix]","result":"SUCCESS","precondition":false,"level":2},{"number":4,"description":"Execute transaction fee api request","duration":2935,"startTime":"2019-02-19T11:35:37.053-07:00[America/Phoenix]","result":"SUCCESS","precondition":false,"level":2}]},{"number":5,"description":"Then Verify the response is as follows\r\n| HttpStatusCode | TransactionFee | Fee | Sid | Message |\r\n| 201 | Interchange:FixedFee:GatewayMarkup:NetworkFee:SurchxPercentage | SurchxPercentage | NotNull | ok |","duration":4,"startTime":"2019-02-19T11:35:39.989-07:00[America/Phoenix]","result":"SUCCESS","precondition":false,"level":1,"children":[{"number":6,"description":"Load expected api response:       | HttpStatusCode | TransactionFee                                                 | Fee              | Sid     | Message |\n      | 201            | Interchange:FixedFee:GatewayMarkup:NetworkFee:SurchxPercentage | SurchxPercentage | NotNull | ok      |\n","duration":1,"startTime":"2019-02-19T11:35:39.991-07:00[America/Phoenix]","result":"SUCCESS","precondition":false,"level":2},{"number":7,"description":"Verify response","duration":0,"startTime":"2019-02-19T11:35:39.993-07:00[America/Phoenix]","result":"SUCCESS","precondition":false,"level":2}]}]},{"number":8,"description":"Example #2: {NICN\u003dMastercardWorld, Amount\u003d108.00, Region\u003dChargeable state, Processor\u003dPaysafe9909, HttpStatusCode\u003d201, TransactionFee\u003dInterchange:FixedFee:GatewayMarkup:NetworkFee:SurchxPercentage, Fee\u003dSurchxPercentage, Sid\u003dNotNull, Message\u003dok}","duration":1810,"startTime":"2019-02-19T11:35:39.994-07:00[America/Phoenix]","result":"SUCCESS","precondition":false,"level":0,"children":[{"number":9,"description":"When I call Transaction Fee API with the following data\r\n| Merchant | NICN | Amount | Region | Processor |\r\n| Coastline | MastercardWorld | 108.00 | Chargeable state | Paysafe9909 |","duration":1804,"startTime":"2019-02-19T11:35:39.995-07:00[America/Phoenix]","result":"SUCCESS","precondition":false,"level":1,"children":[{"number":10,"description":"Load transaction fee api request:       | Merchant  | NICN            | Amount | Region           | Processor   |\n      | Coastline | MastercardWorld | 108.00 | Chargeable state | Paysafe9909 |\n","duration":2,"startTime":"2019-02-19T11:35:39.998-07:00[America/Phoenix]","result":"SUCCESS","precondition":false,"level":2},{"number":11,"description":"Execute transaction fee api request","duration":1798,"startTime":"2019-02-19T11:35:40.001-07:00[America/Phoenix]","result":"SUCCESS","precondition":false,"level":2}]},{"number":12,"description":"Then Verify the response is as follows\r\n| HttpStatusCode | TransactionFee | Fee | Sid | Message |\r\n| 201 | Interchange:FixedFee:GatewayMarkup:NetworkFee:SurchxPercentage | SurchxPercentage | NotNull | ok |","duration":4,"startTime":"2019-02-19T11:35:41.800-07:00[America/Phoenix]","result":"SUCCESS","precondition":false,"level":1,"children":[{"number":13,"description":"Load expected api response:       | HttpStatusCode | TransactionFee                                                 | Fee              | Sid     | Message |\n      | 201            | Interchange:FixedFee:GatewayMarkup:NetworkFee:SurchxPercentage | SurchxPercentage | NotNull | ok      |\n","duration":2,"startTime":"2019-02-19T11:35:41.801-07:00[America/Phoenix]","result":"SUCCESS","precondition":false,"level":2},{"number":14,"description":"Verify response","duration":0,"startTime":"2019-02-19T11:35:41.804-07:00[America/Phoenix]","result":"SUCCESS","precondition":false,"level":2}]}]},{"number":15,"description":"Example #3: {NICN\u003dMastercardBusinessCore, Amount\u003d108.00, Region\u003dChargeable state, Processor\u003dPaysafe9909, HttpStatusCode\u003d201, TransactionFee\u003dInterchange:FixedFee:GatewayMarkup:NetworkFee:SurchxPercentage, Fee\u003dSurchxPercentage, Sid\u003dNotNull, Message\u003dok}","duration":5817,"startTime":"2019-02-19T11:35:41.805-07:00[America/Phoenix]","result":"SUCCESS","precondition":false,"level":0,"children":[{"number":16,"description":"When I call Transaction Fee API with the following data\r\n| Merchant | NICN | Amount | Region | Processor |\r\n| Coastline | MastercardBusinessCore | 108.00 | Chargeable state | Paysafe9909 |","duration":5812,"startTime":"2019-02-19T11:35:41.805-07:00[America/Phoenix]","result":"SUCCESS","precondition":false,"level":1,"children":[{"number":17,"description":"Load transaction fee api request:       | Merchant  | NICN                   | Amount | Region           | Processor   |\n      | Coastline | MastercardBusinessCore | 108.00 | Chargeable state | Paysafe9909 |\n","duration":0,"startTime":"2019-02-19T11:35:41.809-07:00[America/Phoenix]","result":"SUCCESS","precondition":false,"level":2},{"number":18,"description":"Execute transaction fee api request","duration":5807,"startTime":"2019-02-19T11:35:41.810-07:00[America/Phoenix]","result":"SUCCESS","precondition":false,"level":2}]},{"number":19,"description":"Then Verify the response is as follows\r\n| HttpStatusCode | TransactionFee | Fee | Sid | Message |\r\n| 201 | Interchange:FixedFee:GatewayMarkup:NetworkFee:SurchxPercentage | SurchxPercentage | NotNull | ok |","duration":5,"startTime":"2019-02-19T11:35:47.617-07:00[America/Phoenix]","result":"SUCCESS","precondition":false,"level":1,"children":[{"number":20,"description":"Load expected api response:       | HttpStatusCode | TransactionFee                                                 | Fee              | Sid     | Message |\n      | 201            | Interchange:FixedFee:GatewayMarkup:NetworkFee:SurchxPercentage | SurchxPercentage | NotNull | ok      |\n","duration":1,"startTime":"2019-02-19T11:35:47.619-07:00[America/Phoenix]","result":"SUCCESS","precondition":false,"level":2},{"number":21,"description":"Verify response","duration":1,"startTime":"2019-02-19T11:35:47.621-07:00[America/Phoenix]","result":"SUCCESS","precondition":false,"level":2}]}]},{"number":22,"description":"Example #4: {NICN\u003dMastercardBusinessWorldElite, Amount\u003d108.00, Region\u003dChargeable state, Processor\u003dPaysafe9909, HttpStatusCode\u003d201, TransactionFee\u003dInterchange:FixedFee:GatewayMarkup:NetworkFee:SurchxPercentage, Fee\u003dSurchxPercentage, Sid\u003dNotNull, Message\u003dok}","duration":1183,"startTime":"2019-02-19T11:35:47.625-07:00[America/Phoenix]","result":"SUCCESS","precondition":false,"level":0,"children":[{"number":23,"description":"When I call Transaction Fee API with the following data\r\n| Merchant | NICN | Amount | Region | Processor |\r\n| Coastline | MastercardBusinessWorldElite | 108.00 | Chargeable state | Paysafe9909 |","duration":1178,"startTime":"2019-02-19T11:35:47.626-07:00[America/Phoenix]","result":"SUCCESS","precondition":false,"level":1,"children":[{"number":24,"description":"Load transaction fee api request:       | Merchant  | NICN                         | Amount | Region           | Processor   |\n      | Coastline | MastercardBusinessWorldElite | 108.00 | Chargeable state | Paysafe9909 |\n","duration":3,"startTime":"2019-02-19T11:35:47.631-07:00[America/Phoenix]","result":"SUCCESS","precondition":false,"level":2},{"number":25,"description":"Execute transaction fee api request","duration":1170,"startTime":"2019-02-19T11:35:47.634-07:00[America/Phoenix]","result":"SUCCESS","precondition":false,"level":2}]},{"number":26,"description":"Then Verify the response is as follows\r\n| HttpStatusCode | TransactionFee | Fee | Sid | Message |\r\n| 201 | Interchange:FixedFee:GatewayMarkup:NetworkFee:SurchxPercentage | SurchxPercentage | NotNull | ok |","duration":4,"startTime":"2019-02-19T11:35:48.804-07:00[America/Phoenix]","result":"SUCCESS","precondition":false,"level":1,"children":[{"number":27,"description":"Load expected api response:       | HttpStatusCode | TransactionFee                                                 | Fee              | Sid     | Message |\n      | 201            | Interchange:FixedFee:GatewayMarkup:NetworkFee:SurchxPercentage | SurchxPercentage | NotNull | ok      |\n","duration":1,"startTime":"2019-02-19T11:35:48.806-07:00[America/Phoenix]","result":"SUCCESS","precondition":false,"level":2},{"number":28,"description":"Verify response","duration":1,"startTime":"2019-02-19T11:35:48.807-07:00[America/Phoenix]","result":"SUCCESS","precondition":false,"level":2}]}]},{"number":29,"description":"Example #5: {NICN\u003dMastercardCoreValue, Amount\u003d108.00, Region\u003dNon-Chargeable state, Processor\u003dPaysafe9909, HttpStatusCode\u003d201, TransactionFee\u003d0.00, Fee\u003d0.00, Sid\u003dNotNull, Message\u003dok}","duration":8331,"startTime":"2019-02-19T11:35:48.809-07:00[America/Phoenix]","result":"SUCCESS","precondition":false,"level":0,"children":[{"number":30,"description":"When I call Transaction Fee API with the following data\r\n| Merchant | NICN | Amount | Region | Processor |\r\n| Coastline | MastercardCoreValue | 108.00 | Non-Chargeable state | Paysafe9909 |","duration":8327,"startTime":"2019-02-19T11:35:48.809-07:00[America/Phoenix]","result":"SUCCESS","precondition":false,"level":1,"children":[{"number":31,"description":"Load transaction fee api request:       | Merchant  | NICN                | Amount | Region               | Processor   |\n      | Coastline | MastercardCoreValue | 108.00 | Non-Chargeable state | Paysafe9909 |\n","duration":1,"startTime":"2019-02-19T11:35:48.813-07:00[America/Phoenix]","result":"SUCCESS","precondition":false,"level":2},{"number":32,"description":"Execute transaction fee api request","duration":8321,"startTime":"2019-02-19T11:35:48.814-07:00[America/Phoenix]","result":"SUCCESS","precondition":false,"level":2}]},{"number":33,"description":"Then Verify the response is as follows\r\n| HttpStatusCode | TransactionFee | Fee | Sid | Message |\r\n| 201 | 0.00 | 0.00 | NotNull | ok |","duration":4,"startTime":"2019-02-19T11:35:57.136-07:00[America/Phoenix]","result":"SUCCESS","precondition":false,"level":1,"children":[{"number":34,"description":"Load expected api response:       | HttpStatusCode | TransactionFee | Fee  | Sid     | Message |\n      | 201            | 0.00           | 0.00 | NotNull | ok      |\n","duration":2,"startTime":"2019-02-19T11:35:57.137-07:00[America/Phoenix]","result":"SUCCESS","precondition":false,"level":2},{"number":35,"description":"Verify response","duration":1,"startTime":"2019-02-19T11:35:57.139-07:00[America/Phoenix]","result":"SUCCESS","precondition":false,"level":2}]}]},{"number":36,"description":"Example #6: {NICN\u003dMastercardWorld, Amount\u003d108.00, Region\u003dNon-Chargeable state, Processor\u003dPaysafe9909, HttpStatusCode\u003d201, TransactionFee\u003d0.00, Fee\u003d0.00, Sid\u003dNotNull, Message\u003dok}","duration":3326,"startTime":"2019-02-19T11:35:57.141-07:00[America/Phoenix]","result":"SUCCESS","precondition":false,"level":0,"children":[{"number":37,"description":"When I call Transaction Fee API with the following data\r\n| Merchant | NICN | Amount | Region | Processor |\r\n| Coastline | MastercardWorld | 108.00 | Non-Chargeable state | Paysafe9909 |","duration":3321,"startTime":"2019-02-19T11:35:57.141-07:00[America/Phoenix]","result":"SUCCESS","precondition":false,"level":1,"children":[{"number":38,"description":"Load transaction fee api request:       | Merchant  | NICN            | Amount | Region               | Processor   |\n      | Coastline | MastercardWorld | 108.00 | Non-Chargeable state | Paysafe9909 |\n","duration":1,"startTime":"2019-02-19T11:35:57.144-07:00[America/Phoenix]","result":"SUCCESS","precondition":false,"level":2},{"number":39,"description":"Execute transaction fee api request","duration":3316,"startTime":"2019-02-19T11:35:57.146-07:00[America/Phoenix]","result":"SUCCESS","precondition":false,"level":2}]},{"number":40,"description":"Then Verify the response is as follows\r\n| HttpStatusCode | TransactionFee | Fee | Sid | Message |\r\n| 201 | 0.00 | 0.00 | NotNull | ok |","duration":5,"startTime":"2019-02-19T11:36:00.462-07:00[America/Phoenix]","result":"SUCCESS","precondition":false,"level":1,"children":[{"number":41,"description":"Load expected api response:       | HttpStatusCode | TransactionFee | Fee  | Sid     | Message |\n      | 201            | 0.00           | 0.00 | NotNull | ok      |\n","duration":1,"startTime":"2019-02-19T11:36:00.464-07:00[America/Phoenix]","result":"SUCCESS","precondition":false,"level":2},{"number":42,"description":"Verify response","duration":0,"startTime":"2019-02-19T11:36:00.466-07:00[America/Phoenix]","result":"SUCCESS","precondition":false,"level":2}]}]},{"number":43,"description":"Example #7: {NICN\u003dMastercardBusinessCore, Amount\u003d108.00, Region\u003dNon-Chargeable state, Processor\u003dPaysafe9909, HttpStatusCode\u003d201, TransactionFee\u003d0.00, Fee\u003d0.00, Sid\u003dNotNull, Message\u003dok}","duration":5367,"startTime":"2019-02-19T11:36:00.470-07:00[America/Phoenix]","result":"SUCCESS","precondition":false,"level":0,"children":[{"number":44,"description":"When I call Transaction Fee API with the following data\r\n| Merchant | NICN | Amount | Region | Processor |\r\n| Coastline | MastercardBusinessCore | 108.00 | Non-Chargeable state | Paysafe9909 |","duration":5362,"startTime":"2019-02-19T11:36:00.470-07:00[America/Phoenix]","result":"SUCCESS","precondition":false,"level":1,"children":[{"number":45,"description":"Load transaction fee api request:       | Merchant  | NICN                   | Amount | Region               | Processor   |\n      | Coastline | MastercardBusinessCore | 108.00 | Non-Chargeable state | Paysafe9909 |\n","duration":1,"startTime":"2019-02-19T11:36:00.478-07:00[America/Phoenix]","result":"SUCCESS","precondition":false,"level":2},{"number":46,"description":"Execute transaction fee api request","duration":5351,"startTime":"2019-02-19T11:36:00.480-07:00[America/Phoenix]","result":"SUCCESS","precondition":false,"level":2}]},{"number":47,"description":"Then Verify the response is as follows\r\n| HttpStatusCode | TransactionFee | Fee | Sid | Message |\r\n| 201 | 0.00 | 0.00 | NotNull | ok |","duration":5,"startTime":"2019-02-19T11:36:05.832-07:00[America/Phoenix]","result":"SUCCESS","precondition":false,"level":1,"children":[{"number":48,"description":"Load expected api response:       | HttpStatusCode | TransactionFee | Fee  | Sid     | Message |\n      | 201            | 0.00           | 0.00 | NotNull | ok      |\n","duration":2,"startTime":"2019-02-19T11:36:05.833-07:00[America/Phoenix]","result":"SUCCESS","precondition":false,"level":2},{"number":49,"description":"Verify response","duration":0,"startTime":"2019-02-19T11:36:05.836-07:00[America/Phoenix]","result":"SUCCESS","precondition":false,"level":2}]}]},{"number":50,"description":"Example #8: {NICN\u003dMastercardBusinessWorldElite, Amount\u003d108.00, Region\u003dNon-Chargeable state, Processor\u003dPaysafe9909, HttpStatusCode\u003d201, TransactionFee\u003d0.00, Fee\u003d0.00, Sid\u003dNotNull, Message\u003dok}","duration":1939,"startTime":"2019-02-19T11:36:05.841-07:00[America/Phoenix]","result":"SUCCESS","precondition":false,"level":0,"children":[{"number":51,"description":"When I call Transaction Fee API with the following data\r\n| Merchant | NICN | Amount | Region | Processor |\r\n| Coastline | MastercardBusinessWorldElite | 108.00 | Non-Chargeable state | Paysafe9909 |","duration":1933,"startTime":"2019-02-19T11:36:05.842-07:00[America/Phoenix]","result":"SUCCESS","precondition":false,"level":1,"children":[{"number":52,"description":"Load transaction fee api request:       | Merchant  | NICN                         | Amount | Region               | Processor   |\n      | Coastline | MastercardBusinessWorldElite | 108.00 | Non-Chargeable state | Paysafe9909 |\n","duration":1,"startTime":"2019-02-19T11:36:05.851-07:00[America/Phoenix]","result":"SUCCESS","precondition":false,"level":2},{"number":53,"description":"Execute transaction fee api request","duration":1922,"startTime":"2019-02-19T11:36:05.853-07:00[America/Phoenix]","result":"SUCCESS","precondition":false,"level":2}]},{"number":54,"description":"Then Verify the response is as follows\r\n| HttpStatusCode | TransactionFee | Fee | Sid | Message |\r\n| 201 | 0.00 | 0.00 | NotNull | ok |","duration":4,"startTime":"2019-02-19T11:36:07.775-07:00[America/Phoenix]","result":"SUCCESS","precondition":false,"level":1,"children":[{"number":55,"description":"Load expected api response:       | HttpStatusCode | TransactionFee | Fee  | Sid     | Message |\n      | 201            | 0.00           | 0.00 | NotNull | ok      |\n","duration":1,"startTime":"2019-02-19T11:36:07.777-07:00[America/Phoenix]","result":"SUCCESS","precondition":false,"level":2},{"number":56,"description":"Verify response","duration":0,"startTime":"2019-02-19T11:36:07.779-07:00[America/Phoenix]","result":"SUCCESS","precondition":false,"level":2}]}]}],"userStory":{"id":"as-a-user","storyName":"As a user","path":"src/test/resources/features/coastlineproducts/interchange_plus_scenarios/interchange_plus_success_scenarios.feature","narrative":"  I want to see a successful call to the TransactionFee API\n  So that I can verify the interchange plus calculations are being calculated in a right way","type":"feature"},"featureTag":{"name":"Interchange plus scenarios/As a user","type":"feature"},"title":"5 - Verify Transaction Fee API call with different types of MASTERCARD with PAYSAFE9909 processor","tags":[{"name":"Coastlineproducts","type":"theme"},{"name":"Interchange plus scenarios/As a user","type":"feature"},{"name":"Coastlineproducts/Interchange plus scenarios","type":"capability"}],"startTime":"2019-02-19T11:35:37.045-07:00[America/Phoenix]","duration":30735,"projectKey":"","dataTable":{"headers":["NICN","Amount","Region","Processor","HttpStatusCode","TransactionFee","Fee","Sid","Message"],"rows":[{"values":["MastercardCoreValue","108.00","Chargeable state","Paysafe9909","201","Interchange:FixedFee:GatewayMarkup:NetworkFee:SurchxPercentage","SurchxPercentage","NotNull","ok"],"result":"SUCCESS"},{"values":["MastercardWorld","108.00","Chargeable state","Paysafe9909","201","Interchange:FixedFee:GatewayMarkup:NetworkFee:SurchxPercentage","SurchxPercentage","NotNull","ok"],"result":"SUCCESS"},{"values":["MastercardBusinessCore","108.00","Chargeable state","Paysafe9909","201","Interchange:FixedFee:GatewayMarkup:NetworkFee:SurchxPercentage","SurchxPercentage","NotNull","ok"],"result":"SUCCESS"},{"values":["MastercardBusinessWorldElite","108.00","Chargeable state","Paysafe9909","201","Interchange:FixedFee:GatewayMarkup:NetworkFee:SurchxPercentage","SurchxPercentage","NotNull","ok"],"result":"SUCCESS"},{"values":["MastercardCoreValue","108.00","Non-Chargeable state","Paysafe9909","201","0.00","0.00","NotNull","ok"],"result":"SUCCESS"},{"values":["MastercardWorld","108.00","Non-Chargeable state","Paysafe9909","201","0.00","0.00","NotNull","ok"],"result":"SUCCESS"},{"values":["MastercardBusinessCore","108.00","Non-Chargeable state","Paysafe9909","201","0.00","0.00","NotNull","ok"],"result":"SUCCESS"},{"values":["MastercardBusinessWorldElite","108.00","Non-Chargeable state","Paysafe9909","201","0.00","0.00","NotNull","ok"],"result":"SUCCESS"}],"predefinedRows":true,"scenarioOutline":"When I call Transaction Fee API with the following data\n\rThen Verify the response is as follows\n\r","dataSetDescriptors":[{"startRow":0,"rowCount":0,"name":""}]},"manual":false,"testSource":"Cucumber","result":"SUCCESS","scenarioOutline":"When I call Transaction Fee API with the following data\r\n|Merchant | NICN | Amount | Region | Processor|\r\n|Coastline | \u003cNICN\u003e | \u003cAmount\u003e | \u003cRegion\u003e | \u003cProcessor\u003e|\r\nThen Verify the response is as follows\r\n|HttpStatusCode | TransactionFee | Fee | Sid | Message|\r\n|\u003cHttpStatusCode\u003e | \u003cTransactionFee\u003e | \u003cFee\u003e | \u003cSid\u003e | \u003cMessage\u003e|"}