{"name":"3 - Verify Transaction Fee API call with different types of VISA cards with Titanium4994 processor","id":"as-a-user;3---verify-transaction-fee-api-call-with-different-types-of-visa-cards-with-titanium4994-processor","testSteps":[{"number":1,"description":"Example #1: {NICN\u003dVisaTraditionalRewards, Amount\u003d108.00, Region\u003dChargeable state, Processor\u003dTitanium4994, HttpStatusCode\u003d201, TransactionFee\u003dInterchange:FixedFee:GatewayMarkup:NetworkFee:SurchxPercentage, Fee\u003dSurchxPercentage, Sid\u003dNotNull, Message\u003dok}","duration":2310,"startTime":"2019-02-19T11:34:39.556-07:00[America/Phoenix]","result":"SUCCESS","precondition":false,"level":0,"children":[{"number":2,"description":"When I call Transaction Fee API with the following data\r\n| Merchant | NICN | Amount | Region | Processor |\r\n| Coastline | VisaTraditionalRewards | 108.00 | Chargeable state | Titanium4994 |","duration":2305,"startTime":"2019-02-19T11:34:39.557-07:00[America/Phoenix]","result":"SUCCESS","precondition":false,"level":1,"children":[{"number":3,"description":"Load transaction fee api request:       | Merchant  | NICN                   | Amount | Region           | Processor    |\n      | Coastline | VisaTraditionalRewards | 108.00 | Chargeable state | Titanium4994 |\n","duration":1,"startTime":"2019-02-19T11:34:39.561-07:00[America/Phoenix]","result":"SUCCESS","precondition":false,"level":2},{"number":4,"description":"Execute transaction fee api request","duration":2298,"startTime":"2019-02-19T11:34:39.564-07:00[America/Phoenix]","result":"SUCCESS","precondition":false,"level":2}]},{"number":5,"description":"Then Verify the response is as follows\r\n| HttpStatusCode | TransactionFee | Fee | Sid | Message |\r\n| 201 | Interchange:FixedFee:GatewayMarkup:NetworkFee:SurchxPercentage | SurchxPercentage | NotNull | ok |","duration":4,"startTime":"2019-02-19T11:34:41.862-07:00[America/Phoenix]","result":"SUCCESS","precondition":false,"level":1,"children":[{"number":6,"description":"Load expected api response:       | HttpStatusCode | TransactionFee                                                 | Fee              | Sid     | Message |\n      | 201            | Interchange:FixedFee:GatewayMarkup:NetworkFee:SurchxPercentage | SurchxPercentage | NotNull | ok      |\n","duration":0,"startTime":"2019-02-19T11:34:41.864-07:00[America/Phoenix]","result":"SUCCESS","precondition":false,"level":2},{"number":7,"description":"Verify response","duration":0,"startTime":"2019-02-19T11:34:41.865-07:00[America/Phoenix]","result":"SUCCESS","precondition":false,"level":2}]}]},{"number":8,"description":"Example #2: {NICN\u003dVisaNonRewards, Amount\u003d108.00, Region\u003dChargeable state, Processor\u003dTitanium4994, HttpStatusCode\u003d201, TransactionFee\u003dInterchange:FixedFee:GatewayMarkup:NetworkFee:SurchxPercentage, Fee\u003dSurchxPercentage, Sid\u003dNotNull, Message\u003dok}","duration":6432,"startTime":"2019-02-19T11:34:41.869-07:00[America/Phoenix]","result":"SUCCESS","precondition":false,"level":0,"children":[{"number":9,"description":"When I call Transaction Fee API with the following data\r\n| Merchant | NICN | Amount | Region | Processor |\r\n| Coastline | VisaNonRewards | 108.00 | Chargeable state | Titanium4994 |","duration":6429,"startTime":"2019-02-19T11:34:41.869-07:00[America/Phoenix]","result":"SUCCESS","precondition":false,"level":1,"children":[{"number":10,"description":"Load transaction fee api request:       | Merchant  | NICN           | Amount | Region           | Processor    |\n      | Coastline | VisaNonRewards | 108.00 | Chargeable state | Titanium4994 |\n","duration":1,"startTime":"2019-02-19T11:34:41.875-07:00[America/Phoenix]","result":"SUCCESS","precondition":false,"level":2},{"number":11,"description":"Execute transaction fee api request","duration":6420,"startTime":"2019-02-19T11:34:41.877-07:00[America/Phoenix]","result":"SUCCESS","precondition":false,"level":2}]},{"number":12,"description":"Then Verify the response is as follows\r\n| HttpStatusCode | TransactionFee | Fee | Sid | Message |\r\n| 201 | Interchange:FixedFee:GatewayMarkup:NetworkFee:SurchxPercentage | SurchxPercentage | NotNull | ok |","duration":3,"startTime":"2019-02-19T11:34:48.298-07:00[America/Phoenix]","result":"SUCCESS","precondition":false,"level":1,"children":[{"number":13,"description":"Load expected api response:       | HttpStatusCode | TransactionFee                                                 | Fee              | Sid     | Message |\n      | 201            | Interchange:FixedFee:GatewayMarkup:NetworkFee:SurchxPercentage | SurchxPercentage | NotNull | ok      |\n","duration":1,"startTime":"2019-02-19T11:34:48.299-07:00[America/Phoenix]","result":"SUCCESS","precondition":false,"level":2},{"number":14,"description":"Verify response","duration":1,"startTime":"2019-02-19T11:34:48.300-07:00[America/Phoenix]","result":"SUCCESS","precondition":false,"level":2}]}]},{"number":15,"description":"Example #3: {NICN\u003dVisaSignature, Amount\u003d108.00, Region\u003dChargeable state, Processor\u003dTitanium4994, HttpStatusCode\u003d201, TransactionFee\u003dInterchange:FixedFee:GatewayMarkup:NetworkFee:SurchxPercentage, Fee\u003dSurchxPercentage, Sid\u003dNotNull, Message\u003dok}","duration":9473,"startTime":"2019-02-19T11:34:48.304-07:00[America/Phoenix]","result":"SUCCESS","precondition":false,"level":0,"children":[{"number":16,"description":"When I call Transaction Fee API with the following data\r\n| Merchant | NICN | Amount | Region | Processor |\r\n| Coastline | VisaSignature | 108.00 | Chargeable state | Titanium4994 |","duration":9468,"startTime":"2019-02-19T11:34:48.304-07:00[America/Phoenix]","result":"SUCCESS","precondition":false,"level":1,"children":[{"number":17,"description":"Load transaction fee api request:       | Merchant  | NICN          | Amount | Region           | Processor    |\n      | Coastline | VisaSignature | 108.00 | Chargeable state | Titanium4994 |\n","duration":1,"startTime":"2019-02-19T11:34:48.309-07:00[America/Phoenix]","result":"SUCCESS","precondition":false,"level":2},{"number":18,"description":"Execute transaction fee api request","duration":9461,"startTime":"2019-02-19T11:34:48.311-07:00[America/Phoenix]","result":"SUCCESS","precondition":false,"level":2}]},{"number":19,"description":"Then Verify the response is as follows\r\n| HttpStatusCode | TransactionFee | Fee | Sid | Message |\r\n| 201 | Interchange:FixedFee:GatewayMarkup:NetworkFee:SurchxPercentage | SurchxPercentage | NotNull | ok |","duration":5,"startTime":"2019-02-19T11:34:57.772-07:00[America/Phoenix]","result":"SUCCESS","precondition":false,"level":1,"children":[{"number":20,"description":"Load expected api response:       | HttpStatusCode | TransactionFee                                                 | Fee              | Sid     | Message |\n      | 201            | Interchange:FixedFee:GatewayMarkup:NetworkFee:SurchxPercentage | SurchxPercentage | NotNull | ok      |\n","duration":2,"startTime":"2019-02-19T11:34:57.774-07:00[America/Phoenix]","result":"SUCCESS","precondition":false,"level":2},{"number":21,"description":"Verify response","duration":0,"startTime":"2019-02-19T11:34:57.777-07:00[America/Phoenix]","result":"SUCCESS","precondition":false,"level":2}]}]},{"number":22,"description":"Example #4: {NICN\u003dVisaSignaturePreferred, Amount\u003d108.00, Region\u003dChargeable state, Processor\u003dTitanium4994, HttpStatusCode\u003d201, TransactionFee\u003dInterchange:FixedFee:GatewayMarkup:NetworkFee:SurchxPercentage, Fee\u003dSurchxPercentage, Sid\u003dNotNull, Message\u003dok}","duration":2992,"startTime":"2019-02-19T11:34:57.779-07:00[America/Phoenix]","result":"SUCCESS","precondition":false,"level":0,"children":[{"number":23,"description":"When I call Transaction Fee API with the following data\r\n| Merchant | NICN | Amount | Region | Processor |\r\n| Coastline | VisaSignaturePreferred | 108.00 | Chargeable state | Titanium4994 |","duration":2986,"startTime":"2019-02-19T11:34:57.779-07:00[America/Phoenix]","result":"SUCCESS","precondition":false,"level":1,"children":[{"number":24,"description":"Load transaction fee api request:       | Merchant  | NICN                   | Amount | Region           | Processor    |\n      | Coastline | VisaSignaturePreferred | 108.00 | Chargeable state | Titanium4994 |\n","duration":1,"startTime":"2019-02-19T11:34:57.784-07:00[America/Phoenix]","result":"SUCCESS","precondition":false,"level":2},{"number":25,"description":"Execute transaction fee api request","duration":2980,"startTime":"2019-02-19T11:34:57.785-07:00[America/Phoenix]","result":"SUCCESS","precondition":false,"level":2}]},{"number":26,"description":"Then Verify the response is as follows\r\n| HttpStatusCode | TransactionFee | Fee | Sid | Message |\r\n| 201 | Interchange:FixedFee:GatewayMarkup:NetworkFee:SurchxPercentage | SurchxPercentage | NotNull | ok |","duration":5,"startTime":"2019-02-19T11:35:00.766-07:00[America/Phoenix]","result":"SUCCESS","precondition":false,"level":1,"children":[{"number":27,"description":"Load expected api response:       | HttpStatusCode | TransactionFee                                                 | Fee              | Sid     | Message |\n      | 201            | Interchange:FixedFee:GatewayMarkup:NetworkFee:SurchxPercentage | SurchxPercentage | NotNull | ok      |\n","duration":2,"startTime":"2019-02-19T11:35:00.767-07:00[America/Phoenix]","result":"SUCCESS","precondition":false,"level":2},{"number":28,"description":"Verify response","duration":1,"startTime":"2019-02-19T11:35:00.770-07:00[America/Phoenix]","result":"SUCCESS","precondition":false,"level":2}]}]},{"number":29,"description":"Example #5: {NICN\u003dVisaCorporate, Amount\u003d108.00, Region\u003dChargeable state, Processor\u003dTitanium4994, HttpStatusCode\u003d201, TransactionFee\u003dInterchange:FixedFee:GatewayMarkup:NetworkFee:SurchxPercentage, Fee\u003dSurchxPercentage, Sid\u003dNotNull, Message\u003dok}","duration":7497,"startTime":"2019-02-19T11:35:00.774-07:00[America/Phoenix]","result":"SUCCESS","precondition":false,"level":0,"children":[{"number":30,"description":"When I call Transaction Fee API with the following data\r\n| Merchant | NICN | Amount | Region | Processor |\r\n| Coastline | VisaCorporate | 108.00 | Chargeable state | Titanium4994 |","duration":7491,"startTime":"2019-02-19T11:35:00.775-07:00[America/Phoenix]","result":"SUCCESS","precondition":false,"level":1,"children":[{"number":31,"description":"Load transaction fee api request:       | Merchant  | NICN          | Amount | Region           | Processor    |\n      | Coastline | VisaCorporate | 108.00 | Chargeable state | Titanium4994 |\n","duration":2,"startTime":"2019-02-19T11:35:00.783-07:00[America/Phoenix]","result":"SUCCESS","precondition":false,"level":2},{"number":32,"description":"Execute transaction fee api request","duration":7480,"startTime":"2019-02-19T11:35:00.786-07:00[America/Phoenix]","result":"SUCCESS","precondition":false,"level":2}]},{"number":33,"description":"Then Verify the response is as follows\r\n| HttpStatusCode | TransactionFee | Fee | Sid | Message |\r\n| 201 | Interchange:FixedFee:GatewayMarkup:NetworkFee:SurchxPercentage | SurchxPercentage | NotNull | ok |","duration":5,"startTime":"2019-02-19T11:35:08.266-07:00[America/Phoenix]","result":"SUCCESS","precondition":false,"level":1,"children":[{"number":34,"description":"Load expected api response:       | HttpStatusCode | TransactionFee                                                 | Fee              | Sid     | Message |\n      | 201            | Interchange:FixedFee:GatewayMarkup:NetworkFee:SurchxPercentage | SurchxPercentage | NotNull | ok      |\n","duration":2,"startTime":"2019-02-19T11:35:08.268-07:00[America/Phoenix]","result":"SUCCESS","precondition":false,"level":2},{"number":35,"description":"Verify response","duration":1,"startTime":"2019-02-19T11:35:08.270-07:00[America/Phoenix]","result":"SUCCESS","precondition":false,"level":2}]}]},{"number":36,"description":"Example #6: {NICN\u003dVisaTraditionalRewards, Amount\u003d108.00, Region\u003dNon-Chargeable state, Processor\u003dTitanium4994, HttpStatusCode\u003d201, TransactionFee\u003d0.00, Fee\u003d0.00, Sid\u003dNotNull, Message\u003dok}","duration":5061,"startTime":"2019-02-19T11:35:08.272-07:00[America/Phoenix]","result":"SUCCESS","precondition":false,"level":0,"children":[{"number":37,"description":"When I call Transaction Fee API with the following data\r\n| Merchant | NICN | Amount | Region | Processor |\r\n| Coastline | VisaTraditionalRewards | 108.00 | Non-Chargeable state | Titanium4994 |","duration":5052,"startTime":"2019-02-19T11:35:08.273-07:00[America/Phoenix]","result":"SUCCESS","precondition":false,"level":1,"children":[{"number":38,"description":"Load transaction fee api request:       | Merchant  | NICN                   | Amount | Region               | Processor    |\n      | Coastline | VisaTraditionalRewards | 108.00 | Non-Chargeable state | Titanium4994 |\n","duration":1,"startTime":"2019-02-19T11:35:08.276-07:00[America/Phoenix]","result":"SUCCESS","precondition":false,"level":2},{"number":39,"description":"Execute transaction fee api request","duration":5048,"startTime":"2019-02-19T11:35:08.277-07:00[America/Phoenix]","result":"SUCCESS","precondition":false,"level":2}]},{"number":40,"description":"Then Verify the response is as follows\r\n| HttpStatusCode | TransactionFee | Fee | Sid | Message |\r\n| 201 | 0.00 | 0.00 | NotNull | ok |","duration":7,"startTime":"2019-02-19T11:35:13.325-07:00[America/Phoenix]","result":"SUCCESS","precondition":false,"level":1,"children":[{"number":41,"description":"Load expected api response:       | HttpStatusCode | TransactionFee | Fee  | Sid     | Message |\n      | 201            | 0.00           | 0.00 | NotNull | ok      |\n","duration":2,"startTime":"2019-02-19T11:35:13.327-07:00[America/Phoenix]","result":"SUCCESS","precondition":false,"level":2},{"number":42,"description":"Verify response","duration":1,"startTime":"2019-02-19T11:35:13.331-07:00[America/Phoenix]","result":"SUCCESS","precondition":false,"level":2}]}]},{"number":43,"description":"Example #7: {NICN\u003dVisaNonRewards, Amount\u003d108.00, Region\u003dNon-Chargeable state, Processor\u003dTitanium4994, HttpStatusCode\u003d201, TransactionFee\u003d0.00, Fee\u003d0.00, Sid\u003dNotNull, Message\u003dok}","duration":4442,"startTime":"2019-02-19T11:35:13.336-07:00[America/Phoenix]","result":"SUCCESS","precondition":false,"level":0,"children":[{"number":44,"description":"When I call Transaction Fee API with the following data\r\n| Merchant | NICN | Amount | Region | Processor |\r\n| Coastline | VisaNonRewards | 108.00 | Non-Chargeable state | Titanium4994 |","duration":4432,"startTime":"2019-02-19T11:35:13.337-07:00[America/Phoenix]","result":"SUCCESS","precondition":false,"level":1,"children":[{"number":45,"description":"Load transaction fee api request:       | Merchant  | NICN           | Amount | Region               | Processor    |\n      | Coastline | VisaNonRewards | 108.00 | Non-Chargeable state | Titanium4994 |\n","duration":1,"startTime":"2019-02-19T11:35:13.343-07:00[America/Phoenix]","result":"SUCCESS","precondition":false,"level":2},{"number":46,"description":"Execute transaction fee api request","duration":4424,"startTime":"2019-02-19T11:35:13.345-07:00[America/Phoenix]","result":"SUCCESS","precondition":false,"level":2}]},{"number":47,"description":"Then Verify the response is as follows\r\n| HttpStatusCode | TransactionFee | Fee | Sid | Message |\r\n| 201 | 0.00 | 0.00 | NotNull | ok |","duration":8,"startTime":"2019-02-19T11:35:17.770-07:00[America/Phoenix]","result":"SUCCESS","precondition":false,"level":1,"children":[{"number":48,"description":"Load expected api response:       | HttpStatusCode | TransactionFee | Fee  | Sid     | Message |\n      | 201            | 0.00           | 0.00 | NotNull | ok      |\n","duration":6,"startTime":"2019-02-19T11:35:17.771-07:00[America/Phoenix]","result":"SUCCESS","precondition":false,"level":2},{"number":49,"description":"Verify response","duration":0,"startTime":"2019-02-19T11:35:17.778-07:00[America/Phoenix]","result":"SUCCESS","precondition":false,"level":2}]}]},{"number":50,"description":"Example #8: {NICN\u003dVisaSignature, Amount\u003d108.00, Region\u003dNon-Chargeable state, Processor\u003dTitanium4994, HttpStatusCode\u003d201, TransactionFee\u003d0.00, Fee\u003d0.00, Sid\u003dNotNull, Message\u003dok}","duration":2385,"startTime":"2019-02-19T11:35:17.780-07:00[America/Phoenix]","result":"SUCCESS","precondition":false,"level":0,"children":[{"number":51,"description":"When I call Transaction Fee API with the following data\r\n| Merchant | NICN | Amount | Region | Processor |\r\n| Coastline | VisaSignature | 108.00 | Non-Chargeable state | Titanium4994 |","duration":2381,"startTime":"2019-02-19T11:35:17.780-07:00[America/Phoenix]","result":"SUCCESS","precondition":false,"level":1,"children":[{"number":52,"description":"Load transaction fee api request:       | Merchant  | NICN          | Amount | Region               | Processor    |\n      | Coastline | VisaSignature | 108.00 | Non-Chargeable state | Titanium4994 |\n","duration":1,"startTime":"2019-02-19T11:35:17.784-07:00[America/Phoenix]","result":"SUCCESS","precondition":false,"level":2},{"number":53,"description":"Execute transaction fee api request","duration":2374,"startTime":"2019-02-19T11:35:17.786-07:00[America/Phoenix]","result":"SUCCESS","precondition":false,"level":2}]},{"number":54,"description":"Then Verify the response is as follows\r\n| HttpStatusCode | TransactionFee | Fee | Sid | Message |\r\n| 201 | 0.00 | 0.00 | NotNull | ok |","duration":4,"startTime":"2019-02-19T11:35:20.161-07:00[America/Phoenix]","result":"SUCCESS","precondition":false,"level":1,"children":[{"number":55,"description":"Load expected api response:       | HttpStatusCode | TransactionFee | Fee  | Sid     | Message |\n      | 201            | 0.00           | 0.00 | NotNull | ok      |\n","duration":1,"startTime":"2019-02-19T11:35:20.163-07:00[America/Phoenix]","result":"SUCCESS","precondition":false,"level":2},{"number":56,"description":"Verify response","duration":0,"startTime":"2019-02-19T11:35:20.165-07:00[America/Phoenix]","result":"SUCCESS","precondition":false,"level":2}]}]},{"number":57,"description":"Example #9: {NICN\u003dVisaSignaturePreferred, Amount\u003d108.00, Region\u003dNon-Chargeable state, Processor\u003dTitanium4994, HttpStatusCode\u003d201, TransactionFee\u003d0.00, Fee\u003d0.00, Sid\u003dNotNull, Message\u003dok}","duration":2240,"startTime":"2019-02-19T11:35:20.167-07:00[America/Phoenix]","result":"SUCCESS","precondition":false,"level":0,"children":[{"number":58,"description":"When I call Transaction Fee API with the following data\r\n| Merchant | NICN | Amount | Region | Processor |\r\n| Coastline | VisaSignaturePreferred | 108.00 | Non-Chargeable state | Titanium4994 |","duration":2235,"startTime":"2019-02-19T11:35:20.167-07:00[America/Phoenix]","result":"SUCCESS","precondition":false,"level":1,"children":[{"number":59,"description":"Load transaction fee api request:       | Merchant  | NICN                   | Amount | Region               | Processor    |\n      | Coastline | VisaSignaturePreferred | 108.00 | Non-Chargeable state | Titanium4994 |\n","duration":1,"startTime":"2019-02-19T11:35:20.170-07:00[America/Phoenix]","result":"SUCCESS","precondition":false,"level":2},{"number":60,"description":"Execute transaction fee api request","duration":2231,"startTime":"2019-02-19T11:35:20.171-07:00[America/Phoenix]","result":"SUCCESS","precondition":false,"level":2}]},{"number":61,"description":"Then Verify the response is as follows\r\n| HttpStatusCode | TransactionFee | Fee | Sid | Message |\r\n| 201 | 0.00 | 0.00 | NotNull | ok |","duration":5,"startTime":"2019-02-19T11:35:22.402-07:00[America/Phoenix]","result":"SUCCESS","precondition":false,"level":1,"children":[{"number":62,"description":"Load expected api response:       | HttpStatusCode | TransactionFee | Fee  | Sid     | Message |\n      | 201            | 0.00           | 0.00 | NotNull | ok      |\n","duration":1,"startTime":"2019-02-19T11:35:22.404-07:00[America/Phoenix]","result":"SUCCESS","precondition":false,"level":2},{"number":63,"description":"Verify response","duration":1,"startTime":"2019-02-19T11:35:22.406-07:00[America/Phoenix]","result":"SUCCESS","precondition":false,"level":2}]}]},{"number":64,"description":"Example #10: {NICN\u003dVisaCorporate, Amount\u003d108.00, Region\u003dNon-Chargeable state, Processor\u003dTitanium4994, HttpStatusCode\u003d201, TransactionFee\u003d0.00, Fee\u003d0.00, Sid\u003dNotNull, Message\u003dok}","duration":5367,"startTime":"2019-02-19T11:35:22.410-07:00[America/Phoenix]","result":"SUCCESS","precondition":false,"level":0,"children":[{"number":65,"description":"When I call Transaction Fee API with the following data\r\n| Merchant | NICN | Amount | Region | Processor |\r\n| Coastline | VisaCorporate | 108.00 | Non-Chargeable state | Titanium4994 |","duration":5362,"startTime":"2019-02-19T11:35:22.410-07:00[America/Phoenix]","result":"SUCCESS","precondition":false,"level":1,"children":[{"number":66,"description":"Load transaction fee api request:       | Merchant  | NICN          | Amount | Region               | Processor    |\n      | Coastline | VisaCorporate | 108.00 | Non-Chargeable state | Titanium4994 |\n","duration":1,"startTime":"2019-02-19T11:35:22.413-07:00[America/Phoenix]","result":"SUCCESS","precondition":false,"level":2},{"number":67,"description":"Execute transaction fee api request","duration":5357,"startTime":"2019-02-19T11:35:22.415-07:00[America/Phoenix]","result":"SUCCESS","precondition":false,"level":2}]},{"number":68,"description":"Then Verify the response is as follows\r\n| HttpStatusCode | TransactionFee | Fee | Sid | Message |\r\n| 201 | 0.00 | 0.00 | NotNull | ok |","duration":4,"startTime":"2019-02-19T11:35:27.773-07:00[America/Phoenix]","result":"SUCCESS","precondition":false,"level":1,"children":[{"number":69,"description":"Load expected api response:       | HttpStatusCode | TransactionFee | Fee  | Sid     | Message |\n      | 201            | 0.00           | 0.00 | NotNull | ok      |\n","duration":2,"startTime":"2019-02-19T11:35:27.774-07:00[America/Phoenix]","result":"SUCCESS","precondition":false,"level":2},{"number":70,"description":"Verify response","duration":1,"startTime":"2019-02-19T11:35:27.776-07:00[America/Phoenix]","result":"SUCCESS","precondition":false,"level":2}]}]}],"userStory":{"id":"as-a-user","storyName":"As a user","path":"src/test/resources/features/coastlineproducts/interchange_plus_scenarios/interchange_plus_success_scenarios.feature","narrative":"  I want to see a successful call to the TransactionFee API\n  So that I can verify the interchange plus calculations are being calculated in a right way","type":"feature"},"featureTag":{"name":"Interchange plus scenarios/As a user","type":"feature"},"title":"3 - Verify Transaction Fee API call with different types of VISA cards with Titanium4994 processor","tags":[{"name":"Coastlineproducts","type":"theme"},{"name":"Interchange plus scenarios/As a user","type":"feature"},{"name":"Coastlineproducts/Interchange plus scenarios","type":"capability"}],"startTime":"2019-02-19T11:34:39.554-07:00[America/Phoenix]","duration":48223,"projectKey":"","dataTable":{"headers":["NICN","Amount","Region","Processor","HttpStatusCode","TransactionFee","Fee","Sid","Message"],"rows":[{"values":["VisaTraditionalRewards","108.00","Chargeable state","Titanium4994","201","Interchange:FixedFee:GatewayMarkup:NetworkFee:SurchxPercentage","SurchxPercentage","NotNull","ok"],"result":"SUCCESS"},{"values":["VisaNonRewards","108.00","Chargeable state","Titanium4994","201","Interchange:FixedFee:GatewayMarkup:NetworkFee:SurchxPercentage","SurchxPercentage","NotNull","ok"],"result":"SUCCESS"},{"values":["VisaSignature","108.00","Chargeable state","Titanium4994","201","Interchange:FixedFee:GatewayMarkup:NetworkFee:SurchxPercentage","SurchxPercentage","NotNull","ok"],"result":"SUCCESS"},{"values":["VisaSignaturePreferred","108.00","Chargeable state","Titanium4994","201","Interchange:FixedFee:GatewayMarkup:NetworkFee:SurchxPercentage","SurchxPercentage","NotNull","ok"],"result":"SUCCESS"},{"values":["VisaCorporate","108.00","Chargeable state","Titanium4994","201","Interchange:FixedFee:GatewayMarkup:NetworkFee:SurchxPercentage","SurchxPercentage","NotNull","ok"],"result":"SUCCESS"},{"values":["VisaTraditionalRewards","108.00","Non-Chargeable state","Titanium4994","201","0.00","0.00","NotNull","ok"],"result":"SUCCESS"},{"values":["VisaNonRewards","108.00","Non-Chargeable state","Titanium4994","201","0.00","0.00","NotNull","ok"],"result":"SUCCESS"},{"values":["VisaSignature","108.00","Non-Chargeable state","Titanium4994","201","0.00","0.00","NotNull","ok"],"result":"SUCCESS"},{"values":["VisaSignaturePreferred","108.00","Non-Chargeable state","Titanium4994","201","0.00","0.00","NotNull","ok"],"result":"SUCCESS"},{"values":["VisaCorporate","108.00","Non-Chargeable state","Titanium4994","201","0.00","0.00","NotNull","ok"],"result":"SUCCESS"}],"predefinedRows":true,"scenarioOutline":"When I call Transaction Fee API with the following data\n\rThen Verify the response is as follows\n\r","dataSetDescriptors":[{"startRow":0,"rowCount":0,"name":""}]},"manual":false,"testSource":"Cucumber","result":"SUCCESS","scenarioOutline":"When I call Transaction Fee API with the following data\r\n|Merchant | NICN | Amount | Region | Processor|\r\n|Coastline | \u003cNICN\u003e | \u003cAmount\u003e | \u003cRegion\u003e | \u003cProcessor\u003e|\r\nThen Verify the response is as follows\r\n|HttpStatusCode | TransactionFee | Fee | Sid | Message|\r\n|\u003cHttpStatusCode\u003e | \u003cTransactionFee\u003e | \u003cFee\u003e | \u003cSid\u003e | \u003cMessage\u003e|"}