{"name":"2 - Verify Transaction Fee API call with different types of VISA cards with Paysafe9909 processor","id":"as-a-user;2---verify-transaction-fee-api-call-with-different-types-of-visa-cards-with-paysafe9909-processor","testSteps":[{"number":1,"description":"Example #1: {NICN\u003dVisaTraditionalRewards, Amount\u003d108.00, Region\u003dChargeable state, Processor\u003dPaysafe9909, HttpStatusCode\u003d201, TransactionFee\u003dInterchange:FixedFee:GatewayMarkup:NetworkFee:SurchxPercentage, Fee\u003dSurchxPercentage, Sid\u003dNotNull, Message\u003dok}","duration":3354,"startTime":"2019-02-19T11:34:13.012-07:00[America/Phoenix]","result":"SUCCESS","precondition":false,"level":0,"children":[{"number":2,"description":"When I call Transaction Fee API with the following data\r\n| Merchant | NICN | Amount | Region | Processor |\r\n| Coastline | VisaTraditionalRewards | 108.00 | Chargeable state | Paysafe9909 |","duration":3348,"startTime":"2019-02-19T11:34:13.013-07:00[America/Phoenix]","result":"SUCCESS","precondition":false,"level":1,"children":[{"number":3,"description":"Load transaction fee api request:       | Merchant  | NICN                   | Amount | Region           | Processor   |\n      | Coastline | VisaTraditionalRewards | 108.00 | Chargeable state | Paysafe9909 |\n","duration":1,"startTime":"2019-02-19T11:34:13.018-07:00[America/Phoenix]","result":"SUCCESS","precondition":false,"level":2},{"number":4,"description":"Execute transaction fee api request","duration":3340,"startTime":"2019-02-19T11:34:13.020-07:00[America/Phoenix]","result":"SUCCESS","precondition":false,"level":2}]},{"number":5,"description":"Then Verify the response is as follows\r\n| HttpStatusCode | TransactionFee | Fee | Sid | Message |\r\n| 201 | Interchange:FixedFee:GatewayMarkup:NetworkFee:SurchxPercentage | SurchxPercentage | NotNull | ok |","duration":5,"startTime":"2019-02-19T11:34:16.361-07:00[America/Phoenix]","result":"SUCCESS","precondition":false,"level":1,"children":[{"number":6,"description":"Load expected api response:       | HttpStatusCode | TransactionFee                                                 | Fee              | Sid     | Message |\n      | 201            | Interchange:FixedFee:GatewayMarkup:NetworkFee:SurchxPercentage | SurchxPercentage | NotNull | ok      |\n","duration":1,"startTime":"2019-02-19T11:34:16.363-07:00[America/Phoenix]","result":"SUCCESS","precondition":false,"level":2},{"number":7,"description":"Verify response","duration":0,"startTime":"2019-02-19T11:34:16.365-07:00[America/Phoenix]","result":"SUCCESS","precondition":false,"level":2}]}]},{"number":8,"description":"Example #2: {NICN\u003dVisaNonRewards, Amount\u003d108.00, Region\u003dChargeable state, Processor\u003dPaysafe9909, HttpStatusCode\u003d201, TransactionFee\u003dInterchange:FixedFee:GatewayMarkup:NetworkFee:SurchxPercentage, Fee\u003dSurchxPercentage, Sid\u003dNotNull, Message\u003dok}","duration":1028,"startTime":"2019-02-19T11:34:16.368-07:00[America/Phoenix]","result":"SUCCESS","precondition":false,"level":0,"children":[{"number":9,"description":"When I call Transaction Fee API with the following data\r\n| Merchant | NICN | Amount | Region | Processor |\r\n| Coastline | VisaNonRewards | 108.00 | Chargeable state | Paysafe9909 |","duration":1022,"startTime":"2019-02-19T11:34:16.369-07:00[America/Phoenix]","result":"SUCCESS","precondition":false,"level":1,"children":[{"number":10,"description":"Load transaction fee api request:       | Merchant  | NICN           | Amount | Region           | Processor   |\n      | Coastline | VisaNonRewards | 108.00 | Chargeable state | Paysafe9909 |\n","duration":1,"startTime":"2019-02-19T11:34:16.373-07:00[America/Phoenix]","result":"SUCCESS","precondition":false,"level":2},{"number":11,"description":"Execute transaction fee api request","duration":1015,"startTime":"2019-02-19T11:34:16.375-07:00[America/Phoenix]","result":"SUCCESS","precondition":false,"level":2}]},{"number":12,"description":"Then Verify the response is as follows\r\n| HttpStatusCode | TransactionFee | Fee | Sid | Message |\r\n| 201 | Interchange:FixedFee:GatewayMarkup:NetworkFee:SurchxPercentage | SurchxPercentage | NotNull | ok |","duration":5,"startTime":"2019-02-19T11:34:17.391-07:00[America/Phoenix]","result":"SUCCESS","precondition":false,"level":1,"children":[{"number":13,"description":"Load expected api response:       | HttpStatusCode | TransactionFee                                                 | Fee              | Sid     | Message |\n      | 201            | Interchange:FixedFee:GatewayMarkup:NetworkFee:SurchxPercentage | SurchxPercentage | NotNull | ok      |\n","duration":2,"startTime":"2019-02-19T11:34:17.393-07:00[America/Phoenix]","result":"SUCCESS","precondition":false,"level":2},{"number":14,"description":"Verify response","duration":0,"startTime":"2019-02-19T11:34:17.396-07:00[America/Phoenix]","result":"SUCCESS","precondition":false,"level":2}]}]},{"number":15,"description":"Example #3: {NICN\u003dVisaSignature, Amount\u003d108.00, Region\u003dChargeable state, Processor\u003dPaysafe9909, HttpStatusCode\u003d201, TransactionFee\u003dInterchange:FixedFee:GatewayMarkup:NetworkFee:SurchxPercentage, Fee\u003dSurchxPercentage, Sid\u003dNotNull, Message\u003dok}","duration":2442,"startTime":"2019-02-19T11:34:17.399-07:00[America/Phoenix]","result":"SUCCESS","precondition":false,"level":0,"children":[{"number":16,"description":"When I call Transaction Fee API with the following data\r\n| Merchant | NICN | Amount | Region | Processor |\r\n| Coastline | VisaSignature | 108.00 | Chargeable state | Paysafe9909 |","duration":2434,"startTime":"2019-02-19T11:34:17.399-07:00[America/Phoenix]","result":"SUCCESS","precondition":false,"level":1,"children":[{"number":17,"description":"Load transaction fee api request:       | Merchant  | NICN          | Amount | Region           | Processor   |\n      | Coastline | VisaSignature | 108.00 | Chargeable state | Paysafe9909 |\n","duration":2,"startTime":"2019-02-19T11:34:17.403-07:00[America/Phoenix]","result":"SUCCESS","precondition":false,"level":2},{"number":18,"description":"Execute transaction fee api request","duration":2427,"startTime":"2019-02-19T11:34:17.405-07:00[America/Phoenix]","result":"SUCCESS","precondition":false,"level":2}]},{"number":19,"description":"Then Verify the response is as follows\r\n| HttpStatusCode | TransactionFee | Fee | Sid | Message |\r\n| 201 | Interchange:FixedFee:GatewayMarkup:NetworkFee:SurchxPercentage | SurchxPercentage | NotNull | ok |","duration":8,"startTime":"2019-02-19T11:34:19.833-07:00[America/Phoenix]","result":"SUCCESS","precondition":false,"level":1,"children":[{"number":20,"description":"Load expected api response:       | HttpStatusCode | TransactionFee                                                 | Fee              | Sid     | Message |\n      | 201            | Interchange:FixedFee:GatewayMarkup:NetworkFee:SurchxPercentage | SurchxPercentage | NotNull | ok      |\n","duration":6,"startTime":"2019-02-19T11:34:19.834-07:00[America/Phoenix]","result":"SUCCESS","precondition":false,"level":2},{"number":21,"description":"Verify response","duration":1,"startTime":"2019-02-19T11:34:19.840-07:00[America/Phoenix]","result":"SUCCESS","precondition":false,"level":2}]}]},{"number":22,"description":"Example #4: {NICN\u003dVisaSignaturePreferred, Amount\u003d108.00, Region\u003dChargeable state, Processor\u003dPaysafe9909, HttpStatusCode\u003d201, TransactionFee\u003dInterchange:FixedFee:GatewayMarkup:NetworkFee:SurchxPercentage, Fee\u003dSurchxPercentage, Sid\u003dNotNull, Message\u003dok}","duration":7325,"startTime":"2019-02-19T11:34:19.843-07:00[America/Phoenix]","result":"SUCCESS","precondition":false,"level":0,"children":[{"number":23,"description":"When I call Transaction Fee API with the following data\r\n| Merchant | NICN | Amount | Region | Processor |\r\n| Coastline | VisaSignaturePreferred | 108.00 | Chargeable state | Paysafe9909 |","duration":7319,"startTime":"2019-02-19T11:34:19.844-07:00[America/Phoenix]","result":"SUCCESS","precondition":false,"level":1,"children":[{"number":24,"description":"Load transaction fee api request:       | Merchant  | NICN                   | Amount | Region           | Processor   |\n      | Coastline | VisaSignaturePreferred | 108.00 | Chargeable state | Paysafe9909 |\n","duration":1,"startTime":"2019-02-19T11:34:19.846-07:00[America/Phoenix]","result":"SUCCESS","precondition":false,"level":2},{"number":25,"description":"Execute transaction fee api request","duration":7315,"startTime":"2019-02-19T11:34:19.848-07:00[America/Phoenix]","result":"SUCCESS","precondition":false,"level":2}]},{"number":26,"description":"Then Verify the response is as follows\r\n| HttpStatusCode | TransactionFee | Fee | Sid | Message |\r\n| 201 | Interchange:FixedFee:GatewayMarkup:NetworkFee:SurchxPercentage | SurchxPercentage | NotNull | ok |","duration":3,"startTime":"2019-02-19T11:34:27.164-07:00[America/Phoenix]","result":"SUCCESS","precondition":false,"level":1,"children":[{"number":27,"description":"Load expected api response:       | HttpStatusCode | TransactionFee                                                 | Fee              | Sid     | Message |\n      | 201            | Interchange:FixedFee:GatewayMarkup:NetworkFee:SurchxPercentage | SurchxPercentage | NotNull | ok      |\n","duration":1,"startTime":"2019-02-19T11:34:27.165-07:00[America/Phoenix]","result":"SUCCESS","precondition":false,"level":2},{"number":28,"description":"Verify response","duration":0,"startTime":"2019-02-19T11:34:27.167-07:00[America/Phoenix]","result":"SUCCESS","precondition":false,"level":2}]}]},{"number":29,"description":"Example #5: {NICN\u003dVisaCorporate, Amount\u003d108.00, Region\u003dChargeable state, Processor\u003dPaysafe9909, HttpStatusCode\u003d201, TransactionFee\u003dInterchange:FixedFee:GatewayMarkup:NetworkFee:SurchxPercentage, Fee\u003dSurchxPercentage, Sid\u003dNotNull, Message\u003dok}","duration":2829,"startTime":"2019-02-19T11:34:27.171-07:00[America/Phoenix]","result":"SUCCESS","precondition":false,"level":0,"children":[{"number":30,"description":"When I call Transaction Fee API with the following data\r\n| Merchant | NICN | Amount | Region | Processor |\r\n| Coastline | VisaCorporate | 108.00 | Chargeable state | Paysafe9909 |","duration":2825,"startTime":"2019-02-19T11:34:27.171-07:00[America/Phoenix]","result":"SUCCESS","precondition":false,"level":1,"children":[{"number":31,"description":"Load transaction fee api request:       | Merchant  | NICN          | Amount | Region           | Processor   |\n      | Coastline | VisaCorporate | 108.00 | Chargeable state | Paysafe9909 |\n","duration":2,"startTime":"2019-02-19T11:34:27.179-07:00[America/Phoenix]","result":"SUCCESS","precondition":false,"level":2},{"number":32,"description":"Execute transaction fee api request","duration":2813,"startTime":"2019-02-19T11:34:27.182-07:00[America/Phoenix]","result":"SUCCESS","precondition":false,"level":2}]},{"number":33,"description":"Then Verify the response is as follows\r\n| HttpStatusCode | TransactionFee | Fee | Sid | Message |\r\n| 201 | Interchange:FixedFee:GatewayMarkup:NetworkFee:SurchxPercentage | SurchxPercentage | NotNull | ok |","duration":3,"startTime":"2019-02-19T11:34:29.997-07:00[America/Phoenix]","result":"SUCCESS","precondition":false,"level":1,"children":[{"number":34,"description":"Load expected api response:       | HttpStatusCode | TransactionFee                                                 | Fee              | Sid     | Message |\n      | 201            | Interchange:FixedFee:GatewayMarkup:NetworkFee:SurchxPercentage | SurchxPercentage | NotNull | ok      |\n","duration":0,"startTime":"2019-02-19T11:34:29.998-07:00[America/Phoenix]","result":"SUCCESS","precondition":false,"level":2},{"number":35,"description":"Verify response","duration":0,"startTime":"2019-02-19T11:34:29.999-07:00[America/Phoenix]","result":"SUCCESS","precondition":false,"level":2}]}]},{"number":36,"description":"Example #6: {NICN\u003dVisaTraditionalRewards, Amount\u003d108.00, Region\u003dNon-Chargeable state, Processor\u003dPaysafe9909, HttpStatusCode\u003d201, TransactionFee\u003d0.00, Fee\u003d0.00, Sid\u003dNotNull, Message\u003dok}","duration":1490,"startTime":"2019-02-19T11:34:30.001-07:00[America/Phoenix]","result":"SUCCESS","precondition":false,"level":0,"children":[{"number":37,"description":"When I call Transaction Fee API with the following data\r\n| Merchant | NICN | Amount | Region | Processor |\r\n| Coastline | VisaTraditionalRewards | 108.00 | Non-Chargeable state | Paysafe9909 |","duration":1482,"startTime":"2019-02-19T11:34:30.002-07:00[America/Phoenix]","result":"SUCCESS","precondition":false,"level":1,"children":[{"number":38,"description":"Load transaction fee api request:       | Merchant  | NICN                   | Amount | Region               | Processor   |\n      | Coastline | VisaTraditionalRewards | 108.00 | Non-Chargeable state | Paysafe9909 |\n","duration":2,"startTime":"2019-02-19T11:34:30.007-07:00[America/Phoenix]","result":"SUCCESS","precondition":false,"level":2},{"number":39,"description":"Execute transaction fee api request","duration":1473,"startTime":"2019-02-19T11:34:30.010-07:00[America/Phoenix]","result":"SUCCESS","precondition":false,"level":2}]},{"number":40,"description":"Then Verify the response is as follows\r\n| HttpStatusCode | TransactionFee | Fee | Sid | Message |\r\n| 201 | 0.00 | 0.00 | NotNull | ok |","duration":7,"startTime":"2019-02-19T11:34:31.484-07:00[America/Phoenix]","result":"SUCCESS","precondition":false,"level":1,"children":[{"number":41,"description":"Load expected api response:       | HttpStatusCode | TransactionFee | Fee  | Sid     | Message |\n      | 201            | 0.00           | 0.00 | NotNull | ok      |\n","duration":1,"startTime":"2019-02-19T11:34:31.487-07:00[America/Phoenix]","result":"SUCCESS","precondition":false,"level":2},{"number":42,"description":"Verify response","duration":2,"startTime":"2019-02-19T11:34:31.489-07:00[America/Phoenix]","result":"SUCCESS","precondition":false,"level":2}]}]},{"number":43,"description":"Example #7: {NICN\u003dVisaNonRewards, Amount\u003d108.00, Region\u003dNon-Chargeable state, Processor\u003dPaysafe9909, HttpStatusCode\u003d201, TransactionFee\u003d0.00, Fee\u003d0.00, Sid\u003dNotNull, Message\u003dok}","duration":2148,"startTime":"2019-02-19T11:34:31.493-07:00[America/Phoenix]","result":"SUCCESS","precondition":false,"level":0,"children":[{"number":44,"description":"When I call Transaction Fee API with the following data\r\n| Merchant | NICN | Amount | Region | Processor |\r\n| Coastline | VisaNonRewards | 108.00 | Non-Chargeable state | Paysafe9909 |","duration":2143,"startTime":"2019-02-19T11:34:31.494-07:00[America/Phoenix]","result":"SUCCESS","precondition":false,"level":1,"children":[{"number":45,"description":"Load transaction fee api request:       | Merchant  | NICN           | Amount | Region               | Processor   |\n      | Coastline | VisaNonRewards | 108.00 | Non-Chargeable state | Paysafe9909 |\n","duration":1,"startTime":"2019-02-19T11:34:31.497-07:00[America/Phoenix]","result":"SUCCESS","precondition":false,"level":2},{"number":46,"description":"Execute transaction fee api request","duration":2138,"startTime":"2019-02-19T11:34:31.499-07:00[America/Phoenix]","result":"SUCCESS","precondition":false,"level":2}]},{"number":47,"description":"Then Verify the response is as follows\r\n| HttpStatusCode | TransactionFee | Fee | Sid | Message |\r\n| 201 | 0.00 | 0.00 | NotNull | ok |","duration":4,"startTime":"2019-02-19T11:34:33.637-07:00[America/Phoenix]","result":"SUCCESS","precondition":false,"level":1,"children":[{"number":48,"description":"Load expected api response:       | HttpStatusCode | TransactionFee | Fee  | Sid     | Message |\n      | 201            | 0.00           | 0.00 | NotNull | ok      |\n","duration":2,"startTime":"2019-02-19T11:34:33.639-07:00[America/Phoenix]","result":"SUCCESS","precondition":false,"level":2},{"number":49,"description":"Verify response","duration":0,"startTime":"2019-02-19T11:34:33.641-07:00[America/Phoenix]","result":"SUCCESS","precondition":false,"level":2}]}]},{"number":50,"description":"Example #8: {NICN\u003dVisaSignature, Amount\u003d108.00, Region\u003dNon-Chargeable state, Processor\u003dPaysafe9909, HttpStatusCode\u003d201, TransactionFee\u003d0.00, Fee\u003d0.00, Sid\u003dNotNull, Message\u003dok}","duration":2718,"startTime":"2019-02-19T11:34:33.642-07:00[America/Phoenix]","result":"SUCCESS","precondition":false,"level":0,"children":[{"number":51,"description":"When I call Transaction Fee API with the following data\r\n| Merchant | NICN | Amount | Region | Processor |\r\n| Coastline | VisaSignature | 108.00 | Non-Chargeable state | Paysafe9909 |","duration":2715,"startTime":"2019-02-19T11:34:33.643-07:00[America/Phoenix]","result":"SUCCESS","precondition":false,"level":1,"children":[{"number":52,"description":"Load transaction fee api request:       | Merchant  | NICN          | Amount | Region               | Processor   |\n      | Coastline | VisaSignature | 108.00 | Non-Chargeable state | Paysafe9909 |\n","duration":1,"startTime":"2019-02-19T11:34:33.645-07:00[America/Phoenix]","result":"SUCCESS","precondition":false,"level":2},{"number":53,"description":"Execute transaction fee api request","duration":2710,"startTime":"2019-02-19T11:34:33.647-07:00[America/Phoenix]","result":"SUCCESS","precondition":false,"level":2}]},{"number":54,"description":"Then Verify the response is as follows\r\n| HttpStatusCode | TransactionFee | Fee | Sid | Message |\r\n| 201 | 0.00 | 0.00 | NotNull | ok |","duration":2,"startTime":"2019-02-19T11:34:36.358-07:00[America/Phoenix]","result":"SUCCESS","precondition":false,"level":1,"children":[{"number":55,"description":"Load expected api response:       | HttpStatusCode | TransactionFee | Fee  | Sid     | Message |\n      | 201            | 0.00           | 0.00 | NotNull | ok      |\n","duration":1,"startTime":"2019-02-19T11:34:36.358-07:00[America/Phoenix]","result":"SUCCESS","precondition":false,"level":2},{"number":56,"description":"Verify response","duration":0,"startTime":"2019-02-19T11:34:36.360-07:00[America/Phoenix]","result":"SUCCESS","precondition":false,"level":2}]}]},{"number":57,"description":"Example #9: {NICN\u003dVisaSignaturePreferred, Amount\u003d108.00, Region\u003dNon-Chargeable state, Processor\u003dPaysafe9909, HttpStatusCode\u003d201, TransactionFee\u003d0.00, Fee\u003d0.00, Sid\u003dNotNull, Message\u003dok}","duration":1040,"startTime":"2019-02-19T11:34:36.362-07:00[America/Phoenix]","result":"SUCCESS","precondition":false,"level":0,"children":[{"number":58,"description":"When I call Transaction Fee API with the following data\r\n| Merchant | NICN | Amount | Region | Processor |\r\n| Coastline | VisaSignaturePreferred | 108.00 | Non-Chargeable state | Paysafe9909 |","duration":1035,"startTime":"2019-02-19T11:34:36.363-07:00[America/Phoenix]","result":"SUCCESS","precondition":false,"level":1,"children":[{"number":59,"description":"Load transaction fee api request:       | Merchant  | NICN                   | Amount | Region               | Processor   |\n      | Coastline | VisaSignaturePreferred | 108.00 | Non-Chargeable state | Paysafe9909 |\n","duration":0,"startTime":"2019-02-19T11:34:36.366-07:00[America/Phoenix]","result":"SUCCESS","precondition":false,"level":2},{"number":60,"description":"Execute transaction fee api request","duration":1029,"startTime":"2019-02-19T11:34:36.368-07:00[America/Phoenix]","result":"SUCCESS","precondition":false,"level":2}]},{"number":61,"description":"Then Verify the response is as follows\r\n| HttpStatusCode | TransactionFee | Fee | Sid | Message |\r\n| 201 | 0.00 | 0.00 | NotNull | ok |","duration":3,"startTime":"2019-02-19T11:34:37.398-07:00[America/Phoenix]","result":"SUCCESS","precondition":false,"level":1,"children":[{"number":62,"description":"Load expected api response:       | HttpStatusCode | TransactionFee | Fee  | Sid     | Message |\n      | 201            | 0.00           | 0.00 | NotNull | ok      |\n","duration":1,"startTime":"2019-02-19T11:34:37.399-07:00[America/Phoenix]","result":"SUCCESS","precondition":false,"level":2},{"number":63,"description":"Verify response","duration":1,"startTime":"2019-02-19T11:34:37.400-07:00[America/Phoenix]","result":"SUCCESS","precondition":false,"level":2}]}]},{"number":64,"description":"Example #10: {NICN\u003dVisaCorporate, Amount\u003d108.00, Region\u003dNon-Chargeable state, Processor\u003dPaysafe9909, HttpStatusCode\u003d201, TransactionFee\u003d0.00, Fee\u003d0.00, Sid\u003dNotNull, Message\u003dok}","duration":2023,"startTime":"2019-02-19T11:34:37.403-07:00[America/Phoenix]","result":"SUCCESS","precondition":false,"level":0,"children":[{"number":65,"description":"When I call Transaction Fee API with the following data\r\n| Merchant | NICN | Amount | Region | Processor |\r\n| Coastline | VisaCorporate | 108.00 | Non-Chargeable state | Paysafe9909 |","duration":2016,"startTime":"2019-02-19T11:34:37.403-07:00[America/Phoenix]","result":"SUCCESS","precondition":false,"level":1,"children":[{"number":66,"description":"Load transaction fee api request:       | Merchant  | NICN          | Amount | Region               | Processor   |\n      | Coastline | VisaCorporate | 108.00 | Non-Chargeable state | Paysafe9909 |\n","duration":1,"startTime":"2019-02-19T11:34:37.407-07:00[America/Phoenix]","result":"SUCCESS","precondition":false,"level":2},{"number":67,"description":"Execute transaction fee api request","duration":2010,"startTime":"2019-02-19T11:34:37.409-07:00[America/Phoenix]","result":"SUCCESS","precondition":false,"level":2}]},{"number":68,"description":"Then Verify the response is as follows\r\n| HttpStatusCode | TransactionFee | Fee | Sid | Message |\r\n| 201 | 0.00 | 0.00 | NotNull | ok |","duration":6,"startTime":"2019-02-19T11:34:39.420-07:00[America/Phoenix]","result":"SUCCESS","precondition":false,"level":1,"children":[{"number":69,"description":"Load expected api response:       | HttpStatusCode | TransactionFee | Fee  | Sid     | Message |\n      | 201            | 0.00           | 0.00 | NotNull | ok      |\n","duration":2,"startTime":"2019-02-19T11:34:39.422-07:00[America/Phoenix]","result":"SUCCESS","precondition":false,"level":2},{"number":70,"description":"Verify response","duration":1,"startTime":"2019-02-19T11:34:39.425-07:00[America/Phoenix]","result":"SUCCESS","precondition":false,"level":2}]}]}],"userStory":{"id":"as-a-user","storyName":"As a user","path":"src/test/resources/features/coastlineproducts/interchange_plus_scenarios/interchange_plus_success_scenarios.feature","narrative":"  I want to see a successful call to the TransactionFee API\n  So that I can verify the interchange plus calculations are being calculated in a right way","type":"feature"},"featureTag":{"name":"Interchange plus scenarios/As a user","type":"feature"},"title":"2 - Verify Transaction Fee API call with different types of VISA cards with Paysafe9909 processor","tags":[{"name":"Coastlineproducts","type":"theme"},{"name":"Interchange plus scenarios/As a user","type":"feature"},{"name":"Coastlineproducts/Interchange plus scenarios","type":"capability"}],"startTime":"2019-02-19T11:34:13.010-07:00[America/Phoenix]","duration":26416,"projectKey":"","dataTable":{"headers":["NICN","Amount","Region","Processor","HttpStatusCode","TransactionFee","Fee","Sid","Message"],"rows":[{"values":["VisaTraditionalRewards","108.00","Chargeable state","Paysafe9909","201","Interchange:FixedFee:GatewayMarkup:NetworkFee:SurchxPercentage","SurchxPercentage","NotNull","ok"],"result":"SUCCESS"},{"values":["VisaNonRewards","108.00","Chargeable state","Paysafe9909","201","Interchange:FixedFee:GatewayMarkup:NetworkFee:SurchxPercentage","SurchxPercentage","NotNull","ok"],"result":"SUCCESS"},{"values":["VisaSignature","108.00","Chargeable state","Paysafe9909","201","Interchange:FixedFee:GatewayMarkup:NetworkFee:SurchxPercentage","SurchxPercentage","NotNull","ok"],"result":"SUCCESS"},{"values":["VisaSignaturePreferred","108.00","Chargeable state","Paysafe9909","201","Interchange:FixedFee:GatewayMarkup:NetworkFee:SurchxPercentage","SurchxPercentage","NotNull","ok"],"result":"SUCCESS"},{"values":["VisaCorporate","108.00","Chargeable state","Paysafe9909","201","Interchange:FixedFee:GatewayMarkup:NetworkFee:SurchxPercentage","SurchxPercentage","NotNull","ok"],"result":"SUCCESS"},{"values":["VisaTraditionalRewards","108.00","Non-Chargeable state","Paysafe9909","201","0.00","0.00","NotNull","ok"],"result":"SUCCESS"},{"values":["VisaNonRewards","108.00","Non-Chargeable state","Paysafe9909","201","0.00","0.00","NotNull","ok"],"result":"SUCCESS"},{"values":["VisaSignature","108.00","Non-Chargeable state","Paysafe9909","201","0.00","0.00","NotNull","ok"],"result":"SUCCESS"},{"values":["VisaSignaturePreferred","108.00","Non-Chargeable state","Paysafe9909","201","0.00","0.00","NotNull","ok"],"result":"SUCCESS"},{"values":["VisaCorporate","108.00","Non-Chargeable state","Paysafe9909","201","0.00","0.00","NotNull","ok"],"result":"SUCCESS"}],"predefinedRows":true,"scenarioOutline":"When I call Transaction Fee API with the following data\n\rThen Verify the response is as follows\n\r","dataSetDescriptors":[{"startRow":0,"rowCount":0,"name":""}]},"manual":false,"testSource":"Cucumber","result":"SUCCESS","scenarioOutline":"When I call Transaction Fee API with the following data\r\n|Merchant | NICN | Amount | Region | Processor|\r\n|Coastline | \u003cNICN\u003e | \u003cAmount\u003e | \u003cRegion\u003e | \u003cProcessor\u003e|\r\nThen Verify the response is as follows\r\n|HttpStatusCode | TransactionFee | Fee | Sid | Message|\r\n|\u003cHttpStatusCode\u003e | \u003cTransactionFee\u003e | \u003cFee\u003e | \u003cSid\u003e | \u003cMessage\u003e|"}