{"name":"6 - Verify Transaction Fee API call with different types of MASTERCARD with Titanium4994 processor","id":"as-a-user;6---verify-transaction-fee-api-call-with-different-types-of-mastercard-with-titanium4994-processor","testSteps":[{"number":1,"description":"Example #1: {NICN\u003dMastercardCoreValue, Amount\u003d108.00, Region\u003dChargeable state, Processor\u003dTitanium4994, HttpStatusCode\u003d201, TransactionFee\u003dInterchange:FixedFee:GatewayMarkup:NetworkFee:SurchxPercentage, Fee\u003dSurchxPercentage, Sid\u003dNotNull, Message\u003dok}","duration":2198,"startTime":"2019-02-19T11:36:07.946-07:00[America/Phoenix]","result":"SUCCESS","precondition":false,"level":0,"children":[{"number":2,"description":"When I call Transaction Fee API with the following data\r\n| Merchant | NICN | Amount | Region | Processor |\r\n| Coastline | MastercardCoreValue | 108.00 | Chargeable state | Titanium4994 |","duration":2193,"startTime":"2019-02-19T11:36:07.946-07:00[America/Phoenix]","result":"SUCCESS","precondition":false,"level":1,"children":[{"number":3,"description":"Load transaction fee api request:       | Merchant  | NICN                | Amount | Region           | Processor    |\n      | Coastline | MastercardCoreValue | 108.00 | Chargeable state | Titanium4994 |\n","duration":1,"startTime":"2019-02-19T11:36:07.950-07:00[America/Phoenix]","result":"SUCCESS","precondition":false,"level":2},{"number":4,"description":"Execute transaction fee api request","duration":2186,"startTime":"2019-02-19T11:36:07.952-07:00[America/Phoenix]","result":"SUCCESS","precondition":false,"level":2}]},{"number":5,"description":"Then Verify the response is as follows\r\n| HttpStatusCode | TransactionFee | Fee | Sid | Message |\r\n| 201 | Interchange:FixedFee:GatewayMarkup:NetworkFee:SurchxPercentage | SurchxPercentage | NotNull | ok |","duration":5,"startTime":"2019-02-19T11:36:10.139-07:00[America/Phoenix]","result":"SUCCESS","precondition":false,"level":1,"children":[{"number":6,"description":"Load expected api response:       | HttpStatusCode | TransactionFee                                                 | Fee              | Sid     | Message |\n      | 201            | Interchange:FixedFee:GatewayMarkup:NetworkFee:SurchxPercentage | SurchxPercentage | NotNull | ok      |\n","duration":2,"startTime":"2019-02-19T11:36:10.140-07:00[America/Phoenix]","result":"SUCCESS","precondition":false,"level":2},{"number":7,"description":"Verify response","duration":1,"startTime":"2019-02-19T11:36:10.143-07:00[America/Phoenix]","result":"SUCCESS","precondition":false,"level":2}]}]},{"number":8,"description":"Example #2: {NICN\u003dMastercardWorld, Amount\u003d108.00, Region\u003dChargeable state, Processor\u003dTitanium4994, HttpStatusCode\u003d201, TransactionFee\u003dInterchange:FixedFee:GatewayMarkup:NetworkFee:SurchxPercentage, Fee\u003dSurchxPercentage, Sid\u003dNotNull, Message\u003dok}","duration":351,"startTime":"2019-02-19T11:36:10.145-07:00[America/Phoenix]","result":"SUCCESS","precondition":false,"level":0,"children":[{"number":9,"description":"When I call Transaction Fee API with the following data\r\n| Merchant | NICN | Amount | Region | Processor |\r\n| Coastline | MastercardWorld | 108.00 | Chargeable state | Titanium4994 |","duration":345,"startTime":"2019-02-19T11:36:10.146-07:00[America/Phoenix]","result":"SUCCESS","precondition":false,"level":1,"children":[{"number":10,"description":"Load transaction fee api request:       | Merchant  | NICN            | Amount | Region           | Processor    |\n      | Coastline | MastercardWorld | 108.00 | Chargeable state | Titanium4994 |\n","duration":1,"startTime":"2019-02-19T11:36:10.148-07:00[America/Phoenix]","result":"SUCCESS","precondition":false,"level":2},{"number":11,"description":"Execute transaction fee api request","duration":342,"startTime":"2019-02-19T11:36:10.149-07:00[America/Phoenix]","result":"SUCCESS","precondition":false,"level":2}]},{"number":12,"description":"Then Verify the response is as follows\r\n| HttpStatusCode | TransactionFee | Fee | Sid | Message |\r\n| 201 | Interchange:FixedFee:GatewayMarkup:NetworkFee:SurchxPercentage | SurchxPercentage | NotNull | ok |","duration":4,"startTime":"2019-02-19T11:36:10.492-07:00[America/Phoenix]","result":"SUCCESS","precondition":false,"level":1,"children":[{"number":13,"description":"Load expected api response:       | HttpStatusCode | TransactionFee                                                 | Fee              | Sid     | Message |\n      | 201            | Interchange:FixedFee:GatewayMarkup:NetworkFee:SurchxPercentage | SurchxPercentage | NotNull | ok      |\n","duration":1,"startTime":"2019-02-19T11:36:10.493-07:00[America/Phoenix]","result":"SUCCESS","precondition":false,"level":2},{"number":14,"description":"Verify response","duration":1,"startTime":"2019-02-19T11:36:10.495-07:00[America/Phoenix]","result":"SUCCESS","precondition":false,"level":2}]}]},{"number":15,"description":"Example #3: {NICN\u003dMastercardBusinessCore, Amount\u003d108.00, Region\u003dChargeable state, Processor\u003dTitanium4994, HttpStatusCode\u003d201, TransactionFee\u003dInterchange:FixedFee:GatewayMarkup:NetworkFee:SurchxPercentage, Fee\u003dSurchxPercentage, Sid\u003dNotNull, Message\u003dok}","duration":353,"startTime":"2019-02-19T11:36:10.499-07:00[America/Phoenix]","result":"SUCCESS","precondition":false,"level":0,"children":[{"number":16,"description":"When I call Transaction Fee API with the following data\r\n| Merchant | NICN | Amount | Region | Processor |\r\n| Coastline | MastercardBusinessCore | 108.00 | Chargeable state | Titanium4994 |","duration":347,"startTime":"2019-02-19T11:36:10.499-07:00[America/Phoenix]","result":"SUCCESS","precondition":false,"level":1,"children":[{"number":17,"description":"Load transaction fee api request:       | Merchant  | NICN                   | Amount | Region           | Processor    |\n      | Coastline | MastercardBusinessCore | 108.00 | Chargeable state | Titanium4994 |\n","duration":2,"startTime":"2019-02-19T11:36:10.505-07:00[America/Phoenix]","result":"SUCCESS","precondition":false,"level":2},{"number":18,"description":"Execute transaction fee api request","duration":337,"startTime":"2019-02-19T11:36:10.508-07:00[America/Phoenix]","result":"SUCCESS","precondition":false,"level":2}]},{"number":19,"description":"Then Verify the response is as follows\r\n| HttpStatusCode | TransactionFee | Fee | Sid | Message |\r\n| 201 | Interchange:FixedFee:GatewayMarkup:NetworkFee:SurchxPercentage | SurchxPercentage | NotNull | ok |","duration":5,"startTime":"2019-02-19T11:36:10.846-07:00[America/Phoenix]","result":"SUCCESS","precondition":false,"level":1,"children":[{"number":20,"description":"Load expected api response:       | HttpStatusCode | TransactionFee                                                 | Fee              | Sid     | Message |\n      | 201            | Interchange:FixedFee:GatewayMarkup:NetworkFee:SurchxPercentage | SurchxPercentage | NotNull | ok      |\n","duration":1,"startTime":"2019-02-19T11:36:10.848-07:00[America/Phoenix]","result":"SUCCESS","precondition":false,"level":2},{"number":21,"description":"Verify response","duration":1,"startTime":"2019-02-19T11:36:10.850-07:00[America/Phoenix]","result":"SUCCESS","precondition":false,"level":2}]}]},{"number":22,"description":"Example #4: {NICN\u003dMastercardBusinessWorldElite, Amount\u003d108.00, Region\u003dChargeable state, Processor\u003dTitanium4994, HttpStatusCode\u003d201, TransactionFee\u003dInterchange:FixedFee:GatewayMarkup:NetworkFee:SurchxPercentage, Fee\u003dSurchxPercentage, Sid\u003dNotNull, Message\u003dok}","duration":628,"startTime":"2019-02-19T11:36:10.854-07:00[America/Phoenix]","result":"SUCCESS","precondition":false,"level":0,"children":[{"number":23,"description":"When I call Transaction Fee API with the following data\r\n| Merchant | NICN | Amount | Region | Processor |\r\n| Coastline | MastercardBusinessWorldElite | 108.00 | Chargeable state | Titanium4994 |","duration":622,"startTime":"2019-02-19T11:36:10.855-07:00[America/Phoenix]","result":"SUCCESS","precondition":false,"level":1,"children":[{"number":24,"description":"Load transaction fee api request:       | Merchant  | NICN                         | Amount | Region           | Processor    |\n      | Coastline | MastercardBusinessWorldElite | 108.00 | Chargeable state | Titanium4994 |\n","duration":2,"startTime":"2019-02-19T11:36:10.860-07:00[America/Phoenix]","result":"SUCCESS","precondition":false,"level":2},{"number":25,"description":"Execute transaction fee api request","duration":614,"startTime":"2019-02-19T11:36:10.863-07:00[America/Phoenix]","result":"SUCCESS","precondition":false,"level":2}]},{"number":26,"description":"Then Verify the response is as follows\r\n| HttpStatusCode | TransactionFee | Fee | Sid | Message |\r\n| 201 | Interchange:FixedFee:GatewayMarkup:NetworkFee:SurchxPercentage | SurchxPercentage | NotNull | ok |","duration":5,"startTime":"2019-02-19T11:36:11.477-07:00[America/Phoenix]","result":"SUCCESS","precondition":false,"level":1,"children":[{"number":27,"description":"Load expected api response:       | HttpStatusCode | TransactionFee                                                 | Fee              | Sid     | Message |\n      | 201            | Interchange:FixedFee:GatewayMarkup:NetworkFee:SurchxPercentage | SurchxPercentage | NotNull | ok      |\n","duration":2,"startTime":"2019-02-19T11:36:11.478-07:00[America/Phoenix]","result":"SUCCESS","precondition":false,"level":2},{"number":28,"description":"Verify response","duration":0,"startTime":"2019-02-19T11:36:11.481-07:00[America/Phoenix]","result":"SUCCESS","precondition":false,"level":2}]}]},{"number":29,"description":"Example #5: {NICN\u003dMastercardCoreValue, Amount\u003d108.00, Region\u003dNon-Chargeable state, Processor\u003dTitanium4994, HttpStatusCode\u003d201, TransactionFee\u003d0.00, Fee\u003d0.00, Sid\u003dNotNull, Message\u003dok}","duration":354,"startTime":"2019-02-19T11:36:11.486-07:00[America/Phoenix]","result":"SUCCESS","precondition":false,"level":0,"children":[{"number":30,"description":"When I call Transaction Fee API with the following data\r\n| Merchant | NICN | Amount | Region | Processor |\r\n| Coastline | MastercardCoreValue | 108.00 | Non-Chargeable state | Titanium4994 |","duration":348,"startTime":"2019-02-19T11:36:11.486-07:00[America/Phoenix]","result":"SUCCESS","precondition":false,"level":1,"children":[{"number":31,"description":"Load transaction fee api request:       | Merchant  | NICN                | Amount | Region               | Processor    |\n      | Coastline | MastercardCoreValue | 108.00 | Non-Chargeable state | Titanium4994 |\n","duration":2,"startTime":"2019-02-19T11:36:11.491-07:00[America/Phoenix]","result":"SUCCESS","precondition":false,"level":2},{"number":32,"description":"Execute transaction fee api request","duration":339,"startTime":"2019-02-19T11:36:11.495-07:00[America/Phoenix]","result":"SUCCESS","precondition":false,"level":2}]},{"number":33,"description":"Then Verify the response is as follows\r\n| HttpStatusCode | TransactionFee | Fee | Sid | Message |\r\n| 201 | 0.00 | 0.00 | NotNull | ok |","duration":5,"startTime":"2019-02-19T11:36:11.835-07:00[America/Phoenix]","result":"SUCCESS","precondition":false,"level":1,"children":[{"number":34,"description":"Load expected api response:       | HttpStatusCode | TransactionFee | Fee  | Sid     | Message |\n      | 201            | 0.00           | 0.00 | NotNull | ok      |\n","duration":2,"startTime":"2019-02-19T11:36:11.836-07:00[America/Phoenix]","result":"SUCCESS","precondition":false,"level":2},{"number":35,"description":"Verify response","duration":0,"startTime":"2019-02-19T11:36:11.839-07:00[America/Phoenix]","result":"SUCCESS","precondition":false,"level":2}]}]},{"number":36,"description":"Example #6: {NICN\u003dMastercardWorld, Amount\u003d108.00, Region\u003dNon-Chargeable state, Processor\u003dTitanium4994, HttpStatusCode\u003d201, TransactionFee\u003d0.00, Fee\u003d0.00, Sid\u003dNotNull, Message\u003dok}","duration":352,"startTime":"2019-02-19T11:36:11.843-07:00[America/Phoenix]","result":"SUCCESS","precondition":false,"level":0,"children":[{"number":37,"description":"When I call Transaction Fee API with the following data\r\n| Merchant | NICN | Amount | Region | Processor |\r\n| Coastline | MastercardWorld | 108.00 | Non-Chargeable state | Titanium4994 |","duration":347,"startTime":"2019-02-19T11:36:11.843-07:00[America/Phoenix]","result":"SUCCESS","precondition":false,"level":1,"children":[{"number":38,"description":"Load transaction fee api request:       | Merchant  | NICN            | Amount | Region               | Processor    |\n      | Coastline | MastercardWorld | 108.00 | Non-Chargeable state | Titanium4994 |\n","duration":2,"startTime":"2019-02-19T11:36:11.850-07:00[America/Phoenix]","result":"SUCCESS","precondition":false,"level":2},{"number":39,"description":"Execute transaction fee api request","duration":336,"startTime":"2019-02-19T11:36:11.853-07:00[America/Phoenix]","result":"SUCCESS","precondition":false,"level":2}]},{"number":40,"description":"Then Verify the response is as follows\r\n| HttpStatusCode | TransactionFee | Fee | Sid | Message |\r\n| 201 | 0.00 | 0.00 | NotNull | ok |","duration":5,"startTime":"2019-02-19T11:36:12.190-07:00[America/Phoenix]","result":"SUCCESS","precondition":false,"level":1,"children":[{"number":41,"description":"Load expected api response:       | HttpStatusCode | TransactionFee | Fee  | Sid     | Message |\n      | 201            | 0.00           | 0.00 | NotNull | ok      |\n","duration":1,"startTime":"2019-02-19T11:36:12.192-07:00[America/Phoenix]","result":"SUCCESS","precondition":false,"level":2},{"number":42,"description":"Verify response","duration":1,"startTime":"2019-02-19T11:36:12.194-07:00[America/Phoenix]","result":"SUCCESS","precondition":false,"level":2}]}]},{"number":43,"description":"Example #7: {NICN\u003dMastercardBusinessCore, Amount\u003d108.00, Region\u003dNon-Chargeable state, Processor\u003dTitanium4994, HttpStatusCode\u003d201, TransactionFee\u003d0.00, Fee\u003d0.00, Sid\u003dNotNull, Message\u003dok}","duration":4086,"startTime":"2019-02-19T11:36:12.199-07:00[America/Phoenix]","result":"SUCCESS","precondition":false,"level":0,"children":[{"number":44,"description":"When I call Transaction Fee API with the following data\r\n| Merchant | NICN | Amount | Region | Processor |\r\n| Coastline | MastercardBusinessCore | 108.00 | Non-Chargeable state | Titanium4994 |","duration":4083,"startTime":"2019-02-19T11:36:12.199-07:00[America/Phoenix]","result":"SUCCESS","precondition":false,"level":1,"children":[{"number":45,"description":"Load transaction fee api request:       | Merchant  | NICN                   | Amount | Region               | Processor    |\n      | Coastline | MastercardBusinessCore | 108.00 | Non-Chargeable state | Titanium4994 |\n","duration":2,"startTime":"2019-02-19T11:36:12.207-07:00[America/Phoenix]","result":"SUCCESS","precondition":false,"level":2},{"number":46,"description":"Execute transaction fee api request","duration":4071,"startTime":"2019-02-19T11:36:12.211-07:00[America/Phoenix]","result":"SUCCESS","precondition":false,"level":2}]},{"number":47,"description":"Then Verify the response is as follows\r\n| HttpStatusCode | TransactionFee | Fee | Sid | Message |\r\n| 201 | 0.00 | 0.00 | NotNull | ok |","duration":2,"startTime":"2019-02-19T11:36:16.282-07:00[America/Phoenix]","result":"SUCCESS","precondition":false,"level":1,"children":[{"number":48,"description":"Load expected api response:       | HttpStatusCode | TransactionFee | Fee  | Sid     | Message |\n      | 201            | 0.00           | 0.00 | NotNull | ok      |\n","duration":1,"startTime":"2019-02-19T11:36:16.283-07:00[America/Phoenix]","result":"SUCCESS","precondition":false,"level":2},{"number":49,"description":"Verify response","duration":0,"startTime":"2019-02-19T11:36:16.284-07:00[America/Phoenix]","result":"SUCCESS","precondition":false,"level":2}]}]},{"number":50,"description":"Example #8: {NICN\u003dMastercardBusinessWorldElite, Amount\u003d108.00, Region\u003dNon-Chargeable state, Processor\u003dTitanium4994, HttpStatusCode\u003d201, TransactionFee\u003d0.00, Fee\u003d0.00, Sid\u003dNotNull, Message\u003dok}","duration":3085,"startTime":"2019-02-19T11:36:16.286-07:00[America/Phoenix]","result":"SUCCESS","precondition":false,"level":0,"children":[{"number":51,"description":"When I call Transaction Fee API with the following data\r\n| Merchant | NICN | Amount | Region | Processor |\r\n| Coastline | MastercardBusinessWorldElite | 108.00 | Non-Chargeable state | Titanium4994 |","duration":3080,"startTime":"2019-02-19T11:36:16.286-07:00[America/Phoenix]","result":"SUCCESS","precondition":false,"level":1,"children":[{"number":52,"description":"Load transaction fee api request:       | Merchant  | NICN                         | Amount | Region               | Processor    |\n      | Coastline | MastercardBusinessWorldElite | 108.00 | Non-Chargeable state | Titanium4994 |\n","duration":1,"startTime":"2019-02-19T11:36:16.289-07:00[America/Phoenix]","result":"SUCCESS","precondition":false,"level":2},{"number":53,"description":"Execute transaction fee api request","duration":3074,"startTime":"2019-02-19T11:36:16.291-07:00[America/Phoenix]","result":"SUCCESS","precondition":false,"level":2}]},{"number":54,"description":"Then Verify the response is as follows\r\n| HttpStatusCode | TransactionFee | Fee | Sid | Message |\r\n| 201 | 0.00 | 0.00 | NotNull | ok |","duration":5,"startTime":"2019-02-19T11:36:19.366-07:00[America/Phoenix]","result":"SUCCESS","precondition":false,"level":1,"children":[{"number":55,"description":"Load expected api response:       | HttpStatusCode | TransactionFee | Fee  | Sid     | Message |\n      | 201            | 0.00           | 0.00 | NotNull | ok      |\n","duration":1,"startTime":"2019-02-19T11:36:19.368-07:00[America/Phoenix]","result":"SUCCESS","precondition":false,"level":2},{"number":56,"description":"Verify response","duration":1,"startTime":"2019-02-19T11:36:19.370-07:00[America/Phoenix]","result":"SUCCESS","precondition":false,"level":2}]}]}],"userStory":{"id":"as-a-user","storyName":"As a user","path":"src/test/resources/features/coastlineproducts/interchange_plus_scenarios/interchange_plus_success_scenarios.feature","narrative":"  I want to see a successful call to the TransactionFee API\n  So that I can verify the interchange plus calculations are being calculated in a right way","type":"feature"},"featureTag":{"name":"Interchange plus scenarios/As a user","type":"feature"},"title":"6 - Verify Transaction Fee API call with different types of MASTERCARD with Titanium4994 processor","tags":[{"name":"Coastlineproducts","type":"theme"},{"name":"Interchange plus scenarios/As a user","type":"feature"},{"name":"Coastlineproducts/Interchange plus scenarios","type":"capability"}],"startTime":"2019-02-19T11:36:07.944-07:00[America/Phoenix]","duration":11428,"projectKey":"","dataTable":{"headers":["NICN","Amount","Region","Processor","HttpStatusCode","TransactionFee","Fee","Sid","Message"],"rows":[{"values":["MastercardCoreValue","108.00","Chargeable state","Titanium4994","201","Interchange:FixedFee:GatewayMarkup:NetworkFee:SurchxPercentage","SurchxPercentage","NotNull","ok"],"result":"SUCCESS"},{"values":["MastercardWorld","108.00","Chargeable state","Titanium4994","201","Interchange:FixedFee:GatewayMarkup:NetworkFee:SurchxPercentage","SurchxPercentage","NotNull","ok"],"result":"SUCCESS"},{"values":["MastercardBusinessCore","108.00","Chargeable state","Titanium4994","201","Interchange:FixedFee:GatewayMarkup:NetworkFee:SurchxPercentage","SurchxPercentage","NotNull","ok"],"result":"SUCCESS"},{"values":["MastercardBusinessWorldElite","108.00","Chargeable state","Titanium4994","201","Interchange:FixedFee:GatewayMarkup:NetworkFee:SurchxPercentage","SurchxPercentage","NotNull","ok"],"result":"SUCCESS"},{"values":["MastercardCoreValue","108.00","Non-Chargeable state","Titanium4994","201","0.00","0.00","NotNull","ok"],"result":"SUCCESS"},{"values":["MastercardWorld","108.00","Non-Chargeable state","Titanium4994","201","0.00","0.00","NotNull","ok"],"result":"SUCCESS"},{"values":["MastercardBusinessCore","108.00","Non-Chargeable state","Titanium4994","201","0.00","0.00","NotNull","ok"],"result":"SUCCESS"},{"values":["MastercardBusinessWorldElite","108.00","Non-Chargeable state","Titanium4994","201","0.00","0.00","NotNull","ok"],"result":"SUCCESS"}],"predefinedRows":true,"scenarioOutline":"When I call Transaction Fee API with the following data\n\rThen Verify the response is as follows\n\r","dataSetDescriptors":[{"startRow":0,"rowCount":0,"name":""}]},"manual":false,"testSource":"Cucumber","result":"SUCCESS","scenarioOutline":"When I call Transaction Fee API with the following data\r\n|Merchant | NICN | Amount | Region | Processor|\r\n|Coastline | \u003cNICN\u003e | \u003cAmount\u003e | \u003cRegion\u003e | \u003cProcessor\u003e|\r\nThen Verify the response is as follows\r\n|HttpStatusCode | TransactionFee | Fee | Sid | Message|\r\n|\u003cHttpStatusCode\u003e | \u003cTransactionFee\u003e | \u003cFee\u003e | \u003cSid\u003e | \u003cMessage\u003e|"}