{"name":"7 - Verify Transaction Fee API call with different types of DISCOVER with PAYSAFE7861 processor","id":"as-a-user;7---verify-transaction-fee-api-call-with-different-types-of-discover-with-paysafe7861-processor","testSteps":[{"number":1,"description":"Example #1: {NICN\u003dDiscoverCore, Amount\u003d108.00, Region\u003dChargeable state, Processor\u003dPaysafe7861, HttpStatusCode\u003d201, TransactionFee\u003dInterchange:FixedFee:GatewayMarkup:NetworkFee:SurchxPercentage, Fee\u003dSurchxPercentage, Sid\u003dNotNull, Message\u003dok}","duration":4366,"startTime":"2019-02-19T11:36:19.493-07:00[America/Phoenix]","result":"SUCCESS","precondition":false,"level":0,"children":[{"number":2,"description":"When I call Transaction Fee API with the following data\r\n| Merchant | NICN | Amount | Region | Processor |\r\n| Coastline | DiscoverCore | 108.00 | Chargeable state | Paysafe7861 |","duration":4362,"startTime":"2019-02-19T11:36:19.493-07:00[America/Phoenix]","result":"SUCCESS","precondition":false,"level":1,"children":[{"number":3,"description":"Load transaction fee api request:       | Merchant  | NICN         | Amount | Region           | Processor   |\n      | Coastline | DiscoverCore | 108.00 | Chargeable state | Paysafe7861 |\n","duration":1,"startTime":"2019-02-19T11:36:19.496-07:00[America/Phoenix]","result":"SUCCESS","precondition":false,"level":2},{"number":4,"description":"Execute transaction fee api request","duration":4356,"startTime":"2019-02-19T11:36:19.498-07:00[America/Phoenix]","result":"SUCCESS","precondition":false,"level":2}]},{"number":5,"description":"Then Verify the response is as follows\r\n| HttpStatusCode | TransactionFee | Fee | Sid | Message |\r\n| 201 | Interchange:FixedFee:GatewayMarkup:NetworkFee:SurchxPercentage | SurchxPercentage | NotNull | ok |","duration":4,"startTime":"2019-02-19T11:36:23.855-07:00[America/Phoenix]","result":"SUCCESS","precondition":false,"level":1,"children":[{"number":6,"description":"Load expected api response:       | HttpStatusCode | TransactionFee                                                 | Fee              | Sid     | Message |\n      | 201            | Interchange:FixedFee:GatewayMarkup:NetworkFee:SurchxPercentage | SurchxPercentage | NotNull | ok      |\n","duration":1,"startTime":"2019-02-19T11:36:23.857-07:00[America/Phoenix]","result":"SUCCESS","precondition":false,"level":2},{"number":7,"description":"Verify response","duration":0,"startTime":"2019-02-19T11:36:23.859-07:00[America/Phoenix]","result":"SUCCESS","precondition":false,"level":2}]}]},{"number":8,"description":"Example #2: {NICN\u003dDiscoverRewards, Amount\u003d108.00, Region\u003dChargeable state, Processor\u003dPaysafe7861, HttpStatusCode\u003d201, TransactionFee\u003dInterchange:FixedFee:GatewayMarkup:NetworkFee:SurchxPercentage, Fee\u003dSurchxPercentage, Sid\u003dNotNull, Message\u003dok}","duration":2505,"startTime":"2019-02-19T11:36:23.861-07:00[America/Phoenix]","result":"SUCCESS","precondition":false,"level":0,"children":[{"number":9,"description":"When I call Transaction Fee API with the following data\r\n| Merchant | NICN | Amount | Region | Processor |\r\n| Coastline | DiscoverRewards | 108.00 | Chargeable state | Paysafe7861 |","duration":2498,"startTime":"2019-02-19T11:36:23.862-07:00[America/Phoenix]","result":"SUCCESS","precondition":false,"level":1,"children":[{"number":10,"description":"Load transaction fee api request:       | Merchant  | NICN            | Amount | Region           | Processor   |\n      | Coastline | DiscoverRewards | 108.00 | Chargeable state | Paysafe7861 |\n","duration":1,"startTime":"2019-02-19T11:36:23.864-07:00[America/Phoenix]","result":"SUCCESS","precondition":false,"level":2},{"number":11,"description":"Execute transaction fee api request","duration":2493,"startTime":"2019-02-19T11:36:23.866-07:00[America/Phoenix]","result":"SUCCESS","precondition":false,"level":2}]},{"number":12,"description":"Then Verify the response is as follows\r\n| HttpStatusCode | TransactionFee | Fee | Sid | Message |\r\n| 201 | Interchange:FixedFee:GatewayMarkup:NetworkFee:SurchxPercentage | SurchxPercentage | NotNull | ok |","duration":4,"startTime":"2019-02-19T11:36:26.361-07:00[America/Phoenix]","result":"SUCCESS","precondition":false,"level":1,"children":[{"number":13,"description":"Load expected api response:       | HttpStatusCode | TransactionFee                                                 | Fee              | Sid     | Message |\n      | 201            | Interchange:FixedFee:GatewayMarkup:NetworkFee:SurchxPercentage | SurchxPercentage | NotNull | ok      |\n","duration":3,"startTime":"2019-02-19T11:36:26.362-07:00[America/Phoenix]","result":"SUCCESS","precondition":false,"level":2},{"number":14,"description":"Verify response","duration":0,"startTime":"2019-02-19T11:36:26.365-07:00[America/Phoenix]","result":"SUCCESS","precondition":false,"level":2}]}]},{"number":15,"description":"Example #3: {NICN\u003dDiscoverCore, Amount\u003d108.00, Region\u003dNon-Chargeable state, Processor\u003dPaysafe7861, HttpStatusCode\u003d201, TransactionFee\u003d0.00, Fee\u003d0.00, Sid\u003dNotNull, Message\u003dok}","duration":1013,"startTime":"2019-02-19T11:36:26.368-07:00[America/Phoenix]","result":"SUCCESS","precondition":false,"level":0,"children":[{"number":16,"description":"When I call Transaction Fee API with the following data\r\n| Merchant | NICN | Amount | Region | Processor |\r\n| Coastline | DiscoverCore | 108.00 | Non-Chargeable state | Paysafe7861 |","duration":1008,"startTime":"2019-02-19T11:36:26.368-07:00[America/Phoenix]","result":"SUCCESS","precondition":false,"level":1,"children":[{"number":17,"description":"Load transaction fee api request:       | Merchant  | NICN         | Amount | Region               | Processor   |\n      | Coastline | DiscoverCore | 108.00 | Non-Chargeable state | Paysafe7861 |\n","duration":2,"startTime":"2019-02-19T11:36:26.373-07:00[America/Phoenix]","result":"SUCCESS","precondition":false,"level":2},{"number":18,"description":"Execute transaction fee api request","duration":1000,"startTime":"2019-02-19T11:36:26.375-07:00[America/Phoenix]","result":"SUCCESS","precondition":false,"level":2}]},{"number":19,"description":"Then Verify the response is as follows\r\n| HttpStatusCode | TransactionFee | Fee | Sid | Message |\r\n| 201 | 0.00 | 0.00 | NotNull | ok |","duration":5,"startTime":"2019-02-19T11:36:27.376-07:00[America/Phoenix]","result":"SUCCESS","precondition":false,"level":1,"children":[{"number":20,"description":"Load expected api response:       | HttpStatusCode | TransactionFee | Fee  | Sid     | Message |\n      | 201            | 0.00           | 0.00 | NotNull | ok      |\n","duration":2,"startTime":"2019-02-19T11:36:27.377-07:00[America/Phoenix]","result":"SUCCESS","precondition":false,"level":2},{"number":21,"description":"Verify response","duration":2,"startTime":"2019-02-19T11:36:27.379-07:00[America/Phoenix]","result":"SUCCESS","precondition":false,"level":2}]}]},{"number":22,"description":"Example #4: {NICN\u003dDiscoverRewards, Amount\u003d108.00, Region\u003dNon-Chargeable state, Processor\u003dPaysafe7861, HttpStatusCode\u003d201, TransactionFee\u003d0.00, Fee\u003d0.00, Sid\u003dNotNull, Message\u003dok}","duration":1627,"startTime":"2019-02-19T11:36:27.383-07:00[America/Phoenix]","result":"SUCCESS","precondition":false,"level":0,"children":[{"number":23,"description":"When I call Transaction Fee API with the following data\r\n| Merchant | NICN | Amount | Region | Processor |\r\n| Coastline | DiscoverRewards | 108.00 | Non-Chargeable state | Paysafe7861 |","duration":1622,"startTime":"2019-02-19T11:36:27.383-07:00[America/Phoenix]","result":"SUCCESS","precondition":false,"level":1,"children":[{"number":24,"description":"Load transaction fee api request:       | Merchant  | NICN            | Amount | Region               | Processor   |\n      | Coastline | DiscoverRewards | 108.00 | Non-Chargeable state | Paysafe7861 |\n","duration":2,"startTime":"2019-02-19T11:36:27.388-07:00[America/Phoenix]","result":"SUCCESS","precondition":false,"level":2},{"number":25,"description":"Execute transaction fee api request","duration":1613,"startTime":"2019-02-19T11:36:27.391-07:00[America/Phoenix]","result":"SUCCESS","precondition":false,"level":2}]},{"number":26,"description":"Then Verify the response is as follows\r\n| HttpStatusCode | TransactionFee | Fee | Sid | Message |\r\n| 201 | 0.00 | 0.00 | NotNull | ok |","duration":5,"startTime":"2019-02-19T11:36:29.005-07:00[America/Phoenix]","result":"SUCCESS","precondition":false,"level":1,"children":[{"number":27,"description":"Load expected api response:       | HttpStatusCode | TransactionFee | Fee  | Sid     | Message |\n      | 201            | 0.00           | 0.00 | NotNull | ok      |\n","duration":1,"startTime":"2019-02-19T11:36:29.006-07:00[America/Phoenix]","result":"SUCCESS","precondition":false,"level":2},{"number":28,"description":"Verify response","duration":1,"startTime":"2019-02-19T11:36:29.008-07:00[America/Phoenix]","result":"SUCCESS","precondition":false,"level":2}]}]}],"userStory":{"id":"as-a-user","storyName":"As a user","path":"src/test/resources/features/coastlineproducts/interchange_plus_scenarios/interchange_plus_success_scenarios.feature","narrative":"  I want to see a successful call to the TransactionFee API\n  So that I can verify the interchange plus calculations are being calculated in a right way","type":"feature"},"featureTag":{"name":"Interchange plus scenarios/As a user","type":"feature"},"title":"7 - Verify Transaction Fee API call with different types of DISCOVER with PAYSAFE7861 processor","tags":[{"name":"Coastlineproducts","type":"theme"},{"name":"Interchange plus scenarios/As a user","type":"feature"},{"name":"Coastlineproducts/Interchange plus scenarios","type":"capability"}],"startTime":"2019-02-19T11:36:19.491-07:00[America/Phoenix]","duration":9519,"projectKey":"","dataTable":{"headers":["NICN","Amount","Region","Processor","HttpStatusCode","TransactionFee","Fee","Sid","Message"],"rows":[{"values":["DiscoverCore","108.00","Chargeable state","Paysafe7861","201","Interchange:FixedFee:GatewayMarkup:NetworkFee:SurchxPercentage","SurchxPercentage","NotNull","ok"],"result":"SUCCESS"},{"values":["DiscoverRewards","108.00","Chargeable state","Paysafe7861","201","Interchange:FixedFee:GatewayMarkup:NetworkFee:SurchxPercentage","SurchxPercentage","NotNull","ok"],"result":"SUCCESS"},{"values":["DiscoverCore","108.00","Non-Chargeable state","Paysafe7861","201","0.00","0.00","NotNull","ok"],"result":"SUCCESS"},{"values":["DiscoverRewards","108.00","Non-Chargeable state","Paysafe7861","201","0.00","0.00","NotNull","ok"],"result":"SUCCESS"}],"predefinedRows":true,"scenarioOutline":"When I call Transaction Fee API with the following data\n\rThen Verify the response is as follows\n\r","dataSetDescriptors":[{"startRow":0,"rowCount":0,"name":""}]},"manual":false,"testSource":"Cucumber","result":"SUCCESS","scenarioOutline":"When I call Transaction Fee API with the following data\r\n|Merchant | NICN | Amount | Region | Processor|\r\n|Coastline | \u003cNICN\u003e | \u003cAmount\u003e | \u003cRegion\u003e | \u003cProcessor\u003e|\r\nThen Verify the response is as follows\r\n|HttpStatusCode | TransactionFee | Fee | Sid | Message|\r\n|\u003cHttpStatusCode\u003e | \u003cTransactionFee\u003e | \u003cFee\u003e | \u003cSid\u003e | \u003cMessage\u003e|"}